date,0,1,2,3,4,5,6,7,8,9,10,11,12,13,14,15,16,17,18,19,20,21,22,23,cluster
2016-01-01,23927,24347,23574,22762,21857,20974,20711,20505,20051,19761,19621,20414,20455,20767,21183,22334,23140,23706,23969,24041,23338,23456,23566,24582,0
2016-01-02,25882,26012,25672,25284,24442,23540,22656,22334,21952,22348,22787,22914,23865,24634,25421,26494,26860,26251,25403,24456,24000,23506,23641,24916,1
2016-01-03,26755,27201,27131,26652,25899,24997,24559,24188,24527,24278,24360,24743,25036,25676,26585,27056,26549,25608,24712,24433,23799,23426,23591,25046,1
2016-01-08,28059,28361,27919,26844,25218,23825,22494,21761,21464,21787,21957,22572,24917,26723,26417,26447,26483,26223,25802,25376,25357,25157,24840,25497,1
2016-01-09,26618,26454,25903,25192,24204,23296,22081,21499,21019,20866,21013,21445,22311,23053,23881,24424,24644,24897,24802,24207,24010,23645,24007,24554,3
2016-01-10,24830,25146,24664,24055,22798,22076,21303,20874,20602,20726,20852,21527,22510,23808,24903,25917,26275,26511,26195,25679,25672,25254,26144,27483,2
2016-01-15,28632,29339,29284,28597,27252,26094,24960,24365,24034,23950,24256,25446,27560,29308,29143,29019,28953,28614,27900,27132,26307,25874,25884,26149,1
2016-01-16,27354,27256,26686,26083,24933,23597,22928,22604,22305,22148,22024,22346,22802,24060,25080,25459,25099,24352,23375,22534,22056,21984,22028,22708,1
2016-01-17,24605,25055,25057,24807,24127,23175,22875,22406,22263,22226,22482,22732,23482,24823,26220,27075,26590,25592,24788,24207,23997,23738,23962,24901,1
2016-01-27,27946,28343,27903,26929,25495,23841,22802,22271,22321,22347,22788,23930,26436,28154,28159,28147,27894,27983,27879,27340,27143,26943,27264,27584,1
2016-01-31,23337,24116,24114,23764,23187,22601,21767,21605,21436,21465,21732,21932,22583,23258,24149,24581,24068,23082,22580,22206,21841,21522,21580,22075,3
2016-02-01,23707,24553,24388,23560,22340,21019,19963,19815,19570,19490,19978,20818,23333,24771,24385,24029,24015,23675,24093,23467,23308,23202,23190,23471,3
2016-02-02,24885,25901,25433,24413,22883,21613,20442,19908,19570,19321,19414,20604,23022,24352,24183,24155,24134,24040,23857,23931,23914,23830,23850,24377,3
2016-02-03,25581,26221,25842,24565,23001,21284,20204,19729,19364,19146,19319,20289,21689,23520,23696,23943,24137,24272,24183,24161,24024,23807,23857,24307,3
2016-02-04,25595,26283,25924,25109,23744,22355,21435,21214,21053,21250,21881,23006,25751,28266,28321,28057,27578,26785,26480,25966,25738,25295,25257,25645,1
2016-02-17,25613,26858,26741,26035,24738,23644,22722,22600,22508,22798,23465,24483,27260,29025,28898,28026,26971,26456,25386,24910,24235,24133,23809,24445,1
2016-02-20,23578,24669,24478,24037,23160,22168,21424,20845,20612,20579,20684,20746,21541,22383,23164,23590,23425,22879,22291,21815,21826,21692,21719,21651,3
2016-02-21,22598,23399,22933,22396,21435,20303,19391,18829,18471,18639,18605,18900,19528,19867,20411,21312,21533,21402,21354,21323,21065,21100,21273,21822,0
2016-02-22,23094,24075,23764,22796,21497,20304,18994,18629,18404,18389,18776,19603,21792,23422,23564,23721,23914,24003,24032,24059,24097,23606,23761,24048,3
2016-02-23,25343,26151,25646,24545,22933,21215,20190,19562,19508,19359,19661,20515,22884,24106,24010,24201,24309,24232,24282,24342,24297,24329,24315,24830,3
2016-02-24,26029,26723,26183,25000,23497,21844,20779,20202,20006,19711,19931,20577,22330,23786,24050,24388,24710,24985,24890,24894,24840,24826,25191,25984,2
2016-02-28,22851,24678,24974,25053,24677,23990,23796,23652,23823,24094,24702,25459,26546,27632,27932,26467,24576,22988,22283,22041,21548,21260,21066,21000,1
2016-03-01,23012,24618,24482,23397,21792,20486,19344,19593,19360,19823,20384,21101,23500,24988,24531,23975,23276,23216,23087,23265,22755,22727,22704,22543,3
2016-03-02,23458,24668,24563,23485,22196,20773,20264,20018,19792,19876,20374,21442,24113,26095,26169,25998,25525,25033,24566,24222,23324,23793,23729,23837,3
2016-03-05,24935,26433,24330,25998,25343,24242,23375,23773,23769,24366,24979,25345,26160,27192,27343,26116,24823,23544,22577,22103,21801,21483,21403,21324,1
2016-03-06,22150,23296,23486,23019,22343,21541,20643,20715,21091,21255,21451,21861,22507,23611,24153,23864,22951,21890,21234,20755,20913,20723,20802,21071,3
2016-03-07,22011,23783,24013,23225,22176,20926,20670,20750,20835,21188,21738,23537,26289,27806,26887,25556,24595,23905,23237,23064,22950,22961,23029,22881,3
2016-03-08,23562,25405,25237,24220,22760,21542,20545,20101,19873,19953,20526,21536,23806,25029,24598,24069,23650,23445,23366,23416,23839,23829,23827,23600,3
2016-03-09,24101,25658,25422,24186,22525,20980,20146,18795,18353,18336,18581,19708,21583,22640,22614,22407,22376,22266,22197,22312,22339,22260,22374,22345,0
2016-03-10,22772,23858,23722,23076,22014,20486,19536,18998,18421,18150,18433,19422,20668,21865,22185,22545,22868,22615,22792,23101,23178,23251,23325,23310,0
2016-03-11,23868,24920,24714,23799,22507,21008,19816,19303,18724,18400,18532,19171,20677,21797,22001,22174,22305,22804,23091,23210,23372,23316,23126,22834,0
2016-03-12,22940,23477,22963,22102,21198,20064,19092,19610,18993,18672,18502,18647,18871,19144,20186,21472,22400,22949,23238,23312,23204,23129,23185,23191,0
2016-03-13,23581,24420,24022,23201,21956,20536,19452,19065,18582,18226,18255,18522,18865,19165,20354,21089,21801,22525,23024,23116,23437,23889,24148,24115,0
2016-03-14,24116,25208,24631,23210,21162,19487,19058,18656,18470,18496,19590,21117,22641,22739,23165,23789,24188,24531,24928,25268,25580,25904,26006,25898,2
2016-03-15,26007,27020,26126,24231,22114,20607,18934,18281,17774,18353,18835,20707,22175,21960,21874,21896,21678,22830,23595,23810,24837,25295,25866,25651,2
2016-03-16,25452,25693,25009,22538,21352,20252,19615,18779,18340,18428,19355,20744,22423,22405,22810,23504,24115,24657,25137,25787,26261,26561,26422,25880,2
2016-03-17,25507,26222,25167,23287,21140,20227,19206,18634,18419,18527,19366,20750,22390,22260,22505,22725,22939,22875,23094,23157,23369,23674,23747,23599,3
2016-03-18,23873,24708,23860,22224,20606,19746,18776,18189,17781,17852,18703,20073,21810,21868,22129,22343,22394,22389,22580,22582,22656,22649,22510,21560,0
2016-03-19,22583,22925,22546,21621,20334,18952,18430,17769,17476,17422,17624,18146,18486,18921,20085,21020,21377,21410,21500,21402,21405,21284,21353,21150,0
2016-03-20,20944,21736,21664,20656,19625,18481,18301,18199,18088,17896,18566,19103,20023,20803,21525,22251,22015,21637,21497,21140,21524,21222,21369,22625,0
2016-03-21,23346,24001,24693,23874,22948,21742,21045,20933,20852,21139,22187,24489,26394,26876,26609,25758,24719,23715,23027,22844,22701,22419,22244,22514,3
2016-03-22,23291,25116,24914,23955,22994,22098,21997,22026,22309,22726,23781,26020,28235,27874,26387,24878,23872,23488,22947,22456,22145,21998,21956,21849,1
2016-03-23,22267,23841,23714,22693,21301,20330,19704,19382,19229,19474,20179,22258,24039,23711,23220,22562,22086,22000,22170,22228,22277,22313,22498,22441,3
2016-03-24,22627,23751,23359,21986,20643,19289,18429,17949,17823,18035,18726,20668,22367,22475,22272,22443,22510,22584,22828,22888,22979,22935,23082,23076,0
2016-03-25,23162,23650,23172,21763,20343,19215,18335,17768,17566,17569,17654,18729,19975,20183,20621,21047,20884,21098,21085,20941,21628,21681,21752,21552,0
2016-03-26,21426,22191,21816,20893,19803,18582,17698,17152,16865,16754,16989,17692,18336,19216,20243,20921,21170,21159,20975,20864,20683,20682,20622,20732,0
2016-03-27,21084,21907,21763,20754,19505,18498,17448,16905,16656,16580,16808,16945,17471,18244,19511,20200,20328,20265,20261,19969,19623,19541,19634,19795,0
2016-03-28,20303,21325,21167,20208,18402,16945,17196,16842,16659,16912,17801,19398,20917,21384,21603,22072,22286,22351,22670,22920,23166,23396,23472,23361,0
2016-03-29,23291,24152,23581,21916,20321,18733,18205,17821,17733,18074,18927,20653,22594,22781,22611,22274,22232,22076,22110,22597,22407,22603,22648,22379,0
2016-03-30,22573,23707,23163,21780,20158,18881,18405,18071,18057,18484,18838,20914,22418,22667,22615,22457,22325,22339,22355,21537,23395,22839,22869,22817,0
2016-03-31,23016,24061,23631,21910,20407,19123,18637,18015,17904,18010,18753,20316,21792,22130,22637,23003,23022,23178,23362,23312,22801,22803,23447,23394,0
2016-04-01,23618,24577,24107,22819,21075,20164,19304,18649,18260,18377,19112,20518,21679,22062,22581,23189,23724,23692,23558,23366,23014,22675,22528,22378,0
2016-04-02,22467,22877,22421,21263,20073,18947,18714,18047,17718,17521,17762,18034,18424,19462,20231,20649,20680,20410,20182,19988,19784,19955,20020,20159,0
2016-04-03,20218,21116,21135,20380,19392,18370,17633,17147,17038,17087,17373,17764,18202,19721,20254,20281,19779,19412,19304,19210,19267,19561,19978,20377,0
2016-04-04,20602,21682,21663,20488,19253,17972,17698,17337,17368,17786,18763,20257,21776,22024,21718,21474,21362,21252,21381,21517,21678,21995,22249,22265,0
2016-04-05,22222,23059,23023,21755,20646,19159,18420,17812,17731,17860,18283,19603,20763,20889,20937,21142,21173,21171,21258,21443,21718,22027,22148,22146,0
2016-04-06,22012,22984,22857,21729,20228,19366,18812,18414,18291,18765,19273,20623,22033,22055,22026,22112,22060,21797,21917,21984,21736,21767,21854,21813,0
2016-04-07,22175,23374,23336,21986,20595,19430,19449,19022,18891,19195,19711,21134,22694,23124,23241,23499,23678,23680,23799,23994,24173,24379,24346,24039,3
2016-04-08,23872,24724,24381,23052,21556,20245,18529,18171,17881,18162,18817,19639,20804,21031,21161,21365,21296,21305,21305,21164,20973,20912,20818,20622,0
2016-04-09,20496,21463,21611,21132,20203,19155,18834,18440,18539,18760,19214,19790,20486,21482,22005,21948,21719,21287,20816,20569,20325,20437,20563,20671,0
2016-04-10,20797,21907,22082,21297,20226,19619,19466,19295,19245,19319,19206,19673,20278,21216,21988,21996,21568,21109,20892,20727,20575,20655,20868,21194,0
2016-04-11,21519,22855,22927,21546,20093,19129,18777,18479,18509,18955,19752,21547,22684,22565,22487,22622,22651,22535,22576,22645,22779,23046,23108,23378,0
2016-04-12,23827,24467,23934,22612,21152,20305,19360,18746,18482,18514,19223,20942,22261,21904,22051,22344,22560,22659,22790,22717,22990,23112,22779,22736,0
2016-04-13,22724,23819,23493,22129,20470,19323,18886,18437,18278,18497,19194,20700,21875,21845,22074,22249,22565,22550,22479,22359,22321,22354,22379,22453,0
2016-04-14,22802,23730,23265,21898,20528,20075,19304,19032,18956,19017,19603,21069,21983,22139,22377,22522,22662,22567,22498,22422,22447,22420,22453,22460,0
2016-04-15,22708,23675,23363,22000,20684,20108,19361,18765,18742,18881,19487,21029,22135,22209,22395,22503,22339,22049,21904,21908,21798,21315,21148,21214,0
2016-04-16,21332,22131,21873,21244,20091,19273,18958,18265,18052,18022,18325,18540,18822,19676,20537,20818,20712,20603,20465,20344,20326,20490,20612,20754,0
2016-04-17,20448,21066,20982,20486,19211,18170,17645,17049,16795,16727,17018,17181,17158,18359,19199,19591,19448,19709,19887,20218,20411,20893,21409,21755,0
2016-04-18,21757,22484,22455,21081,19360,18026,17572,17240,17166,17550,18432,20424,21683,21726,21700,21444,21477,21706,21980,22582,23252,23725,24023,24195,0
2016-04-19,23843,24257,24061,22568,20703,19536,18800,18241,18064,18274,19135,21069,21826,21562,21669,21796,22244,22617,23150,23806,24495,25108,25332,25052,0
2016-04-20,24692,25165,24502,22452,20605,19466,19309,18247,18021,18185,18896,20832,21629,21652,21917,22255,22793,23488,24371,25043,25528,26032,26056,25838,2
2016-04-21,25348,25640,25087,23234,21319,20021,19521,18884,18503,18533,19414,21229,22261,22340,22642,23052,22754,23166,23565,24024,24355,24477,24208,23660,3
2016-04-22,23498,24065,23857,22413,21244,19783,18787,18594,18202,18191,18888,20569,21402,21867,22183,22499,23220,23465,23556,23762,23904,24115,24164,23650,0
2016-04-23,23059,23280,23177,22383,21305,20207,19206,18429,17864,17602,17703,17776,17915,18871,20060,20931,21427,21823,22187,22789,23212,23793,24039,24034,0
2016-04-24,23412,23275,23118,21767,20253,19139,18374,17700,17403,16903,17017,17181,17130,18289,19384,20279,20943,21729,22681,23598,24276,25221,25825,25890,0
2016-04-25,25583,25662,25220,23290,21170,19744,18817,18447,18098,18264,19146,20765,21656,22196,22840,23738,24563,25439,26493,27199,27690,28113,28251,27931,2
2016-04-27,27966,27763,27145,25225,23249,21943,20893,20228,19677,19704,20368,21962,22682,23239,24037,24994,25723,26750,27661,28168,28810,29130,28882,28302,2
2016-04-30,28134,27501,26570,25529,23929,22177,20825,19822,19413,19131,19230,19576,19544,20359,21752,23295,24686,25787,26674,27086,27365,27652,27458,26035,2
2016-05-01,25531,25304,24932,24217,23037,21371,20439,19615,19177,18716,17163,18810,18989,19907,21244,22946,24118,25242,26178,26401,25059,27605,26062,25617,2
2016-05-02,25310,25726,24910,23744,22089,20733,19534,18951,18627,18742,19854,22028,22627,23412,24498,25492,26950,27694,28545,29085,29208,29141,28679,27887,2
2016-05-03,27402,27461,26805,25043,23551,22196,21045,20249,19846,19854,20662,21998,23172,23720,24315,24887,25407,25842,26300,26784,27394,27401,27651,26937,2
2016-05-04,26236,26158,26295,24694,22883,21261,20142,19438,19132,18885,19731,21234,21583,21629,22545,22976,23463,23720,24108,24421,24322,24303,24726,24693,2
2016-05-05,24250,24541,24359,22811,20609,19462,18671,18234,18043,18190,18953,19626,21035,21372,21786,21893,22215,22279,22082,21996,21981,22388,22118,21849,0
2016-05-06,21483,22195,22872,21753,20499,18843,18431,17935,17813,17983,18971,20890,21328,20700,21651,21845,21724,20980,21815,21820,21923,21901,21969,21772,0
2016-05-07,21444,21628,21905,20840,19452,18349,18064,17458,17145,17015,17400,17866,18560,19250,19551,19873,20241,20467,20750,21265,22056,22592,23586,23157,0
2016-05-08,23258,22761,22774,21492,19890,18781,18456,17440,16959,16776,16844,16975,17400,18197,19304,20474,21273,21327,23049,24089,24981,26064,26626,26466,0
2016-05-09,25738,25090,24850,23303,21539,19972,18826,18062,17637,17760,18702,20656,21382,21969,22810,23653,24538,24971,25671,26283,26637,26719,26482,25959,2
2016-05-14,27322,26345,25718,23995,22373,20636,19643,18688,18413,18241,18299,18482,18483,19429,20599,21729,22721,23462,24169,25057,25638,26464,26690,26335,2
2016-05-15,25226,24305,24359,22918,20805,19876,19745,18861,18324,18240,18298,18449,18762,19804,20412,21016,21586,22180,22971,23690,24467,25250,25743,25885,0
2016-05-16,25375,24989,25063,23325,21568,19812,18623,18621,18329,18582,19550,21021,22010,22701,23132,23886,24663,25217,26065,26891,27576,28172,28224,28010,2
2016-05-17,27682,27937,27641,25700,23476,22097,21197,20699,20262,20378,21321,23346,24035,24358,24949,25680,26382,26823,27339,27825,27911,27902,27866,27590,2
2016-05-22,28156,27093,26828,25241,23366,21780,20549,19724,19412,19013,18942,18832,18663,19587,21070,22314,23248,24199,25006,25946,26785,27578,28066,28039,2
2016-10-01,26259,25959,24736,23197,21696,20877,20052,19352,18934,18710,18760,20016,20033,20337,21243,22000,22950,23772,24719,25858,26876,27671,27795,27078,2
2016-10-02,26474,26074,24771,23175,21544,20362,19707,19146,18793,18552,18553,18902,19446,20099,20748,21794,22840,24017,25284,26512,27350,27967,28407,27922,2
2016-10-09,28245,27423,26027,24274,22484,21060,20078,19198,18589,18217,18120,18377,18500,18884,20061,21088,21464,22393,23546,24733,25865,26745,27004,26314,2
2016-10-10,26029,25650,23971,22310,20727,19865,18805,18390,18069,18264,19039,20188,21356,21784,22745,23625,24218,24868,25570,26259,27037,27434,27483,26854,2
2016-10-11,27015,26718,25191,23408,21597,20777,19980,19371,19028,19121,20009,21915,22710,22581,23207,23811,24259,24750,25324,25977,26495,27037,27115,26588,2
2016-10-12,26752,26563,25174,23267,21671,20719,19922,19330,19117,19325,20201,22206,23425,23012,23358,23860,24336,24751,25477,26316,27058,27653,27862,27420,2
2016-10-14,28863,28370,26749,24675,23208,21834,20679,19966,19441,19510,20341,22151,22903,22748,23456,24363,25428,26356,27437,28313,29005,29380,29158,28064,2
2016-10-15,27798,27101,25791,24362,22843,21726,20707,19981,19736,19509,19647,20280,21013,21423,22427,23199,24276,25007,25611,26289,26750,26804,26533,26083,2
2016-10-16,26459,26072,25155,23798,22455,21573,20611,20076,19511,19323,19284,19654,20372,20822,21788,22675,23722,24805,26042,27142,27956,28465,28501,27975,2
2016-10-22,24200,23875,22935,21687,20520,19532,19108,18775,18493,18500,18749,19168,20204,20552,21336,21849,21826,21615,21399,21175,21192,21297,21498,21422,0
2016-10-23,22318,22291,21770,20863,19738,19048,18468,18549,18381,18362,18731,19398,19868,20527,21530,21507,21186,21042,21247,21399,21730,22159,22493,22667,0
2016-10-24,23755,23699,22566,21269,20084,19425,18746,18390,18483,18791,20016,21972,23460,23494,23713,23889,23994,24179,24434,24787,25170,25313,25355,25131,3
2016-10-25,26181,25725,24404,22656,21306,20194,19571,19083,18895,19042,20183,22339,23495,23227,23446,23703,23936,24149,24715,25341,25890,26283,26231,25854,2
2016-10-26,26599,26108,24754,22860,21604,20345,19722,19263,19046,19228,20329,22323,23746,23597,23491,23868,24254,24613,25248,25836,26355,26596,26507,26034,2
2016-10-27,26924,26522,25360,23553,22008,20902,20383,19836,19512,19594,20411,22285,23771,23439,23780,24483,25253,25847,26736,27783,27895,28196,28058,27479,2
2016-10-28,28000,27491,26127,24228,22522,21228,20422,19745,19401,19446,20361,22344,23310,23106,23566,24403,25215,26019,27036,28015,28684,28978,28626,27608,2
2016-10-29,27315,26205,24889,23378,22243,21075,20207,19355,18773,18575,18833,19109,19821,20147,21350,22276,23153,23919,24988,26060,26846,27516,27350,26367,2
2016-10-30,26294,25239,23993,22497,21440,19989,18910,18645,18361,18158,18216,18631,19388,19870,20975,21480,22430,23545,24938,26089,27210,27961,28029,27268,2
2016-11-01,28506,27822,26512,24661,23180,21576,20292,19591,19210,19513,20431,21811,23278,24248,24307,24517,25550,26434,27274,28096,28707,28930,29106,29360,2
2016-11-02,28832,28356,26546,25263,23188,21491,20354,19934,19452,19447,20402,21619,22761,23657,23926,24514,25129,26246,27292,28179,28796,29398,28886,28936,2
2016-11-04,28848,28683,27440,25112,23677,22327,21086,20364,19737,19966,20759,21991,23059,23821,24086,24699,25365,26009,26795,27549,27734,27881,27185,26984,2
2016-11-05,26215,25370,24349,22901,21652,20303,19326,18580,18376,18448,18772,19228,19959,20744,21539,21961,22184,22260,22470,22861,22767,23116,22897,23564,0
2016-11-06,23261,23061,22192,21262,20100,19331,18529,18127,17753,17720,17881,18101,18692,20077,20635,21411,21559,21690,21298,21957,22029,21915,22606,23285,0
2016-11-07,23651,23681,23485,22299,21273,20234,19218,18618,18359,18472,18964,20091,22080,23162,23398,23647,23942,24067,24304,24579,24782,24705,24635,24972,3
2016-11-08,26154,25839,25107,23953,22388,21563,20528,20115,19815,19731,20114,20984,22661,23701,23887,23923,23840,23660,23645,23635,23538,23434,23444,24274,3
2016-11-09,25688,25651,24994,23912,22435,21483,20488,20299,19865,19650,19555,20652,22580,23648,23600,23786,23838,23621,23633,23714,23639,23483,23371,24171,3
2016-11-10,25583,25566,24975,23883,22390,21863,20873,19802,19568,19566,20152,21177,23366,24353,24281,23972,23706,23260,23097,22996,23028,23064,22859,23250,3
2016-11-11,24461,24479,24056,23381,22255,21571,20965,21302,21141,21121,21465,22580,24201,25260,25680,25482,24966,24197,23690,23560,23180,22846,22796,23542,3
2016-11-12,24574,24265,23707,23031,22041,21510,20682,19993,19701,19623,19753,20203,20605,21261,22248,22518,22536,22268,21821,21476,21270,21189,21274,21949,0
2016-11-13,23090,23089,22688,22225,21316,20206,19554,19270,19108,19029,19084,19585,20285,20886,21609,22303,22268,22007,21796,21711,21639,21434,21659,22804,0
2016-11-14,24504,24443,24233,23293,22129,21170,20287,20293,20220,20387,20982,22453,24570,25985,25900,25436,24851,24384,24027,23748,23577,23437,23500,24222,3
2016-11-15,25824,25940,25447,24556,23225,22375,21876,21371,21257,21363,21947,23133,25327,26548,26178,25480,24886,24186,23872,23732,23687,23542,23557,24238,1
2016-11-16,25647,25769,25289,24248,22898,21897,21157,20754,20573,20638,21210,22536,24420,25530,25221,24799,24443,24020,23814,23770,23834,23863,23971,24398,3
2016-11-17,25662,25565,25095,24184,22898,22021,21229,20787,20546,20724,21353,22546,24482,25906,25782,25085,24629,24113,24004,23985,24366,24402,24269,24533,3
2016-11-18,25439,25499,24839,24046,22654,21781,20964,20388,20289,20374,20960,22042,24071,25119,25051,24739,24463,24313,24169,24229,24322,24270,24116,24081,3
2016-11-19,24777,24260,23669,22922,21853,21043,20420,19830,19461,19298,19458,19909,20638,21412,22154,22591,22811,22704,22285,21788,21548,21446,21626,22471,0
2016-11-20,24068,24086,23967,23673,23357,22329,22092,21811,21817,22280,22657,23186,24023,24724,25879,26083,25266,24194,23314,22750,22641,22965,22899,23604,3
2016-11-23,26401,26672,26597,25994,25006,24375,24090,23559,23400,23442,23652,24598,25768,26763,27141,26767,26010,25173,24540,24097,23696,23374,23262,23988,1
2016-11-24,25102,24890,24418,23727,22582,22135,20871,19861,19195,18865,18816,19148,19697,19484,20476,21824,22695,23152,22907,22298,21627,20988,20505,20285,0
2016-11-25,20795,20572,20234,19858,19635,19005,18148,17566,17206,17287,17914,18622,19260,19643,20166,20821,21214,21201,21241,21131,21071,20903,20898,21442,0
2016-11-26,22511,22297,21861,21348,20616,20083,19136,19091,18861,18863,19178,19851,20632,21115,21817,22644,22801,22462,21898,21343,20876,20621,20615,21610,0
2016-11-27,23097,23574,23675,23532,23133,22841,22602,22267,22335,22725,23243,23965,24871,25543,26633,26158,24978,23631,23166,22742,22523,22237,22420,23702,1
2016-11-28,25406,25659,25438,24541,23298,22406,21416,20821,20847,20883,21071,22089,24618,25740,25495,25189,25008,24805,24480,24257,24295,24178,24018,25014,3
2016-11-29,26431,26462,25825,24645,23114,21933,21077,20303,19940,19696,19877,20550,22123,23480,23630,23960,24268,24612,24794,24999,25016,25007,25110,25911,2
2016-11-30,27208,27151,26543,25525,23920,22225,21178,20470,19991,19736,19846,20874,22814,23738,23979,24654,25122,25416,25534,25492,25378,25105,24983,25760,2
2016-12-01,26743,26580,26047,24860,23459,21977,21224,20812,20499,20581,21115,22508,24598,26145,26051,25865,25466,24975,24533,24255,24148,23949,23825,24911,1
2016-12-03,26366,26590,26415,26103,25356,24846,23909,23491,23298,23238,23120,23513,24011,24924,25007,25711,25508,24964,24332,23887,23471,23405,23692,24773,1
2016-12-04,25702,25568,25509,25210,24208,23527,22820,21934,21339,21091,21115,21483,21620,22159,23191,24241,24612,24641,24704,24694,24852,24878,25193,26303,2
2016-12-05,27255,27125,26694,25660,24190,22596,22133,21508,21137,21050,21490,22825,24541,25868,25870,25957,26045,26063,25929,25900,25881,25919,26349,27663,1
2016-12-06,28435,28333,27759,26603,24830,23481,22201,21363,21246,20915,21292,22483,24226,25434,25336,25340,25256,25183,24950,24846,24624,24535,24747,25659,1
2016-12-07,26783,26800,26401,25643,24017,22886,21910,21355,21087,21048,21512,22367,24483,26246,26087,25833,25613,25261,24777,24652,24642,24557,24429,25758,1
2016-12-08,27440,27670,27408,26646,25250,24078,23188,22752,22487,22584,23060,24319,26271,28082,28055,27908,27723,27317,26973,26877,26531,26530,26999,28643,1
2016-12-12,27835,28046,27964,27286,25807,24429,23024,22452,22650,22560,23046,23494,25737,27288,26949,26534,26268,25913,25421,25459,25179,24894,24956,25573,1
2016-12-13,27128,27201,26761,25989,24499,23381,22520,21800,21430,21301,21622,22726,23944,25614,25487,25560,25756,25703,25662,25599,25570,25546,25805,26869,1
2016-12-14,27770,27603,27080,26038,24505,23217,22286,21540,21164,21037,21328,22588,24371,25798,25682,25775,25823,25711,25388,25250,24809,24855,25155,26249,1
2016-12-18,25831,25509,25055,24416,23410,22382,21416,20617,20178,19698,19491,19269,19740,20277,21034,22244,22967,23288,23378,23688,23898,24197,24846,26511,2
2016-12-22,28229,28475,28269,27669,26467,25494,24756,23866,23440,23283,23751,24341,25322,26656,26930,26770,26175,25497,24587,24493,24094,24196,23991,24370,1
2016-12-23,25843,26027,25911,25538,24754,24162,23375,22758,22328,22515,23210,23482,24536,25966,26656,26499,25815,24857,23865,23414,22804,22503,22548,23120,1
2016-12-24,24512,24457,24087,23586,22736,21725,20908,20187,19709,19851,19959,20234,20735,20934,21590,22257,22382,21981,21652,21290,21120,21101,21118,21472,0
2016-12-25,22554,22279,21936,21551,20913,20364,19575,19099,18510,18328,18364,18677,19095,19550,20355,20975,21016,20907,20788,20643,20420,20135,19870,20037,0
2016-12-26,21070,20944,20766,20370,19695,18873,18079,17824,17464,17241,17273,17715,18335,18214,18598,19814,20914,21516,21844,21829,21698,21585,21834,22530,0
2016-12-27,23783,23790,23282,22440,21388,20090,19209,18582,18176,18049,18256,18917,19309,20415,20952,21878,22656,23018,23109,23233,23216,23107,23097,23544,0
2016-12-28,24802,24669,24071,23196,21865,21026,20150,19416,18984,18721,19104,19837,20658,22012,22287,23005,23393,23509,23337,23232,23108,22918,22903,23677,0
2016-12-29,24989,24862,24382,23583,22372,21362,20095,19731,19228,18949,19469,20088,20354,21005,21594,22404,22973,23219,23162,22963,22727,22497,22611,23479,0
2016-12-30,25503,25889,25907,25491,24832,24326,23815,23418,23439,23688,24337,25418,26685,28038,28858,28736,28058,27083,25936,25180,24889,24477,24640,25306,1
2016-12-31,27475,28129,28404,28314,27887,27645,27157,26804,26562,26006,25784,25913,25789,26370,26888,27438,27376,27086,26614,26496,26294,26043,26012,26835,1
2017-01-01,27651,27413,26640,25748,24698,23964,23468,22815,22094,21486,20900,20754,20709,21110,21595,22385,22876,23069,23134,22897,22612,22406,22332,23169,3
2017-01-02,23986,23667,23266,22402,21561,21000,20079,19453,19147,19145,19346,19381,19842,20395,20846,21914,22952,23715,23931,23708,23760,23739,23915,24711,0
2017-01-03,25389,25172,24572,23576,22298,20844,19759,19456,19098,19043,19287,20140,21539,22810,23027,23305,23646,23936,24012,24038,23917,23615,23494,24013,3
2017-01-04,25575,25704,25403,24486,23175,21514,20369,20363,19956,19923,20194,21326,23193,24772,24962,25169,25268,25320,25096,24974,24743,24490,24992,26274,3
2017-01-11,28517,28854,28457,27271,25659,23947,22790,22600,22173,22059,22446,23480,25392,26895,26485,25902,25477,24935,24555,24646,24416,24144,24201,24386,1
2017-01-12,25997,26282,26057,25293,23803,22521,21341,20538,20116,20091,20380,21641,23906,25706,25519,25098,24755,24441,24148,23999,24219,24004,23642,23957,3
2017-01-13,25435,25810,25412,24536,23098,21784,21185,20431,20118,19899,20121,20868,23165,24838,24708,24471,24299,24041,23945,23834,23747,23565,23534,23555,3
2017-01-14,24444,24301,23732,22923,21897,21186,20064,19843,19533,19429,19661,20144,20804,21292,22123,22769,22667,22637,22427,22238,22069,21996,21947,22059,0
2017-01-15,23415,23351,22978,22412,21392,20262,19901,19335,18952,18895,18925,19308,19728,19959,21106,21926,21698,21302,21204,21208,21200,21129,21240,21573,0
2017-01-16,23333,23226,22862,22109,21113,20046,19566,19133,18932,18939,19243,20111,21054,22117,22735,23323,23800,23964,23985,24000,23811,23586,23645,24047,3
2017-01-17,25555,25732,25115,24057,22482,21110,19953,19540,19182,19096,19434,20311,22436,23950,23801,23961,23971,24147,24249,24153,24116,24117,24106,24444,3
2017-01-18,25877,26134,25618,24452,23190,21725,20648,19944,19688,19486,19760,20454,21967,23576,23516,23672,23948,24111,24153,24271,24283,24350,24312,24427,3
2017-01-19,25914,26015,25523,24634,23079,21768,20822,20079,19756,19578,19993,21015,22828,24245,24155,24212,24155,24258,24259,24356,24348,24165,24175,24537,3
2017-01-20,25798,25975,25485,24423,22938,21884,20920,20261,19805,19504,19738,20599,22166,23407,23466,23760,24037,24115,24025,24182,24185,23988,23913,23894,3
2017-01-21,24898,24834,24187,23326,22307,21395,20321,19920,19498,19276,19152,19418,19650,20497,21199,21991,22778,23300,23386,23170,22735,22247,22056,22416,0
2017-01-22,23662,23770,23305,22594,21646,20849,19926,19212,18643,18251,18131,18407,18929,19310,20025,21039,21692,21951,22173,22270,22246,22046,22067,22400,0
2017-01-23,23564,23964,23694,23061,21857,20878,19854,19550,19290,19283,19694,21027,22934,24769,24995,25149,25364,25306,25002,24872,24461,24329,24293,24794,3
2017-01-24,26437,27126,26871,25934,24526,23283,22351,21964,21744,21937,22475,23583,26027,27884,27802,27094,26323,25578,24756,24613,24107,23837,23323,23688,1
2017-01-25,25398,26508,26468,25771,24497,23690,22640,22564,22614,22850,23423,24435,27011,28761,28339,26968,25989,25063,23878,23982,23711,23836,23681,23854,1
2017-01-26,25201,25701,25369,24491,23102,22232,20956,20097,19633,19453,19733,20787,22484,24412,24416,24567,24661,24645,24367,24183,23904,23603,23711,24172,3
2017-02-01,25054,25992,25691,24823,23468,22047,21407,21316,21145,21233,21773,22941,24795,26505,26080,25206,24471,24077,23679,23463,23284,22963,22951,23176,3
2017-02-02,24542,25405,25086,24423,22958,21997,20878,20785,20582,20672,20941,21991,24407,26233,25840,25323,24971,24520,24254,24155,24090,24034,24103,24308,3
2017-02-03,25511,26198,25913,24956,23585,22435,21658,21125,20731,20791,21020,22255,24328,25947,25975,25863,25967,25666,25075,24789,24374,23922,23734,24353,1
2017-02-05,26063,27335,27503,27250,26492,25837,25061,24802,24569,24473,24460,24881,25157,26134,27160,27633,27054,26074,25159,24813,24809,24348,24329,24759,1
2017-02-06,25196,25081,24836,24398,23682,22952,21960,21605,21387,21370,21870,23138,25329,27096,26876,26393,25802,25278,24722,24606,24314,24234,24336,24259,1
2017-02-07,25535,26450,26070,24939,23365,22032,21177,20741,20413,20475,20799,22029,23873,25088,24821,24526,24520,24462,24347,24303,24189,24460,24348,24937,3
2017-02-08,25877,26148,25627,24352,22842,21560,20680,20169,19797,19624,19926,20607,22481,23998,23948,24027,24110,24149,23963,23874,23638,23597,23645,23868,3
2017-02-09,25061,25814,25414,24569,23053,21708,20350,20091,19981,19992,20349,21749,24058,26043,26409,26495,26425,25979,25432,25192,25150,24860,25056,25506,3
2017-02-11,24417,25390,25326,25032,24169,23573,22728,22004,21662,21614,21766,22293,22793,23584,24335,24488,24098,23567,22874,22388,22040,21783,21766,22035,3
2017-02-12,22971,23287,23002,22242,21154,20414,19490,19022,18563,18229,18152,18339,18445,18771,19459,20653,21284,21537,21784,21906,22019,22098,22237,22509,0
2017-02-13,23670,24591,24043,23026,21720,20436,19489,18809,18539,18571,19093,19920,22380,24316,24507,24384,24184,23898,23645,23559,23890,23712,23587,23339,3
2017-02-14,24366,25598,25415,24651,23447,22285,21569,21356,21318,21604,22378,23622,26456,28228,27658,26395,25246,24298,23609,23285,23094,22491,22965,23088,1
2017-02-15,24461,25374,25132,24093,22640,21500,20399,19904,19636,19541,19831,20318,22463,24232,24264,24522,24635,24527,24226,23982,23825,23506,23497,23841,3
2017-02-18,23732,24612,24223,23640,22716,21946,21364,20761,20469,20045,20277,20436,21321,21922,22883,23715,24076,23987,23558,22898,22327,21781,21497,21690,3
2017-02-19,22767,23606,23345,22748,21897,21151,20168,19898,19743,19704,19712,20104,20533,20584,21335,21911,21564,21315,21592,21617,21275,21190,21388,21609,0
2017-02-20,22419,23429,23022,22188,21078,19821,19535,18982,18884,18962,19375,19818,21764,23343,23951,24035,23895,23761,23614,23816,23853,23864,23827,23842,3
2017-02-21,24759,25759,25255,24094,22463,21275,20394,19717,19347,19294,19527,20152,21985,23427,23621,23798,24028,24091,23934,23936,23733,23773,23803,24026,3
2017-02-22,25026,25564,25125,24137,22430,21245,20146,19652,19261,19122,19317,19786,21394,22968,23243,23487,23664,23768,23680,23597,23472,23376,23350,23465,3
2017-02-23,24165,25251,24832,23892,22439,21267,20141,19682,19393,19246,19339,19933,21725,23096,23286,23398,23618,23764,23880,24085,24217,24353,24455,24269,3
2017-02-24,24590,25604,25167,24101,22732,21313,20324,19599,19168,19051,19356,19820,21635,22863,23129,23348,23622,23912,24091,24426,24621,24685,24791,24562,3
2017-02-25,24442,24941,24249,23289,22002,21090,20051,19479,18899,18530,18313,18621,19215,19580,20077,21038,21680,21942,21830,21529,21315,21216,21265,21376,0
2017-02-26,21844,22879,22842,22580,21935,21159,20953,20794,20660,20832,21289,21748,22414,23795,24982,25037,24170,22857,21980,21395,21188,21014,20622,21016,3
2017-02-27,22162,23984,24117,23474,22475,21763,21089,21114,20982,21113,21096,22316,24730,26107,26007,25869,25702,25498,25219,25470,25348,25211,24941,25116,3
2017-02-28,26054,27053,26508,25427,23905,22980,21694,21061,20694,20469,20776,21630,23473,24374,24095,24014,24030,24085,24158,24251,24275,24293,24166,24176,3
2017-03-01,24966,26068,25654,24521,23068,22092,20635,20004,19520,19349,19567,20485,21715,22915,23174,23578,24068,24587,24957,25255,25428,25426,25512,25454,2
2017-03-02,25969,26682,26067,24922,23318,21814,20869,19934,19475,19299,19645,20924,22652,24291,24518,24469,24541,24269,23930,23546,23722,23565,23508,23575,3
2017-03-04,23964,25429,25671,25534,25026,24651,23958,23972,24226,24520,24761,25542,26196,27254,27681,26830,25711,24374,23226,22626,22202,21815,21593,21827,1
2017-03-05,22128,23617,23827,23634,23082,22409,22029,21854,22147,22325,22259,22621,23255,23902,24635,24294,23321,22257,21686,21494,21620,21686,21877,21873,3
2017-03-06,22690,23982,23858,23070,21841,20717,19971,19345,19185,18970,19823,21066,22509,24215,24423,24140,24108,24027,23919,23810,23860,23605,23669,23946,3
2017-03-07,25143,25138,25503,24242,23023,21735,20452,19992,19668,19361,19757,21026,22267,23624,24276,23926,23927,23718,24131,23944,24145,23996,24291,24604,3
2017-03-08,25345,25873,25483,24547,23053,21893,20513,19711,19570,19479,20125,21111,22591,23834,24640,23982,23682,23370,23722,23444,23754,23547,23848,24328,3
2017-03-09,24596,25181,25260,24269,23002,21671,20658,19977,19941,20054,20705,22439,23958,24988,25357,24735,24046,23604,23542,23393,23718,24263,23904,24322,3
2017-03-10,25107,25521,25370,24368,22871,21625,20169,19471,19404,19095,19678,20511,21741,23120,23635,23533,23782,23429,23553,23598,23778,24079,23728,23997,3
2017-03-11,24479,24431,24673,23663,22606,21484,20361,19113,18953,18972,18876,19188,19959,20547,21136,21388,21232,20875,20618,20518,20696,20715,20737,21292,0
2017-03-12,22263,23134,22934,22391,21661,20629,19967,19811,19759,20176,20649,21521,22106,23440,24304,25264,25135,24744,24328,23987,23592,23388,23641,24145,3
2017-03-18,23137,24413,24281,23206,22052,21210,20783,20425,20216,20130,20171,20809,21801,22573,23408,23696,23489,23118,22615,22015,21705,21584,21628,21638,3
2017-03-19,21816,22919,22656,21745,20755,20183,19589,19332,19248,19490,20084,20673,21255,22438,23284,23062,22506,21935,21736,21886,21749,21680,21549,21815,0
2017-03-20,22257,23725,23615,22570,21130,20395,20058,20116,20473,21077,22624,24822,26998,26846,26021,25224,24586,24132,23945,23881,24031,24299,24481,24504,3
2017-03-21,24759,25894,25258,23520,22185,20953,20023,19601,19409,19594,20312,22020,23366,23341,23411,23792,24179,24797,25621,26482,27120,27711,28113,28066,2
2017-03-22,27908,28173,26544,24503,22924,21627,20458,19710,19252,19291,20021,21286,22885,23010,23335,23904,24327,24563,25077,25379,25622,25849,25895,25498,2
2017-03-23,25226,26087,25407,23761,22204,20800,20069,19781,19641,19852,20662,22294,23957,23948,24007,24144,24001,23911,23969,23985,24057,24156,24123,24053,3
2017-03-24,24374,25510,25000,23448,21778,20662,20186,19768,19480,19726,20545,21821,23269,23364,23611,23720,23614,23564,23683,23797,23931,23998,24044,23547,3
2017-03-25,23464,24237,23749,22662,21681,20349,19549,18878,18480,18450,18693,18866,19633,20019,21075,22003,22456,22517,22691,22775,22849,22859,22885,22735,0
2017-03-26,22578,23267,22775,21658,20524,19512,18917,18472,18107,17915,18036,18127,18686,19389,20262,21073,21550,22034,22483,22970,23411,23980,24435,24609,0
2017-03-27,24416,25310,24707,23055,21156,20059,19141,18620,18371,18559,19346,20783,22415,22765,23416,24119,24775,25379,26030,26560,26766,26988,26996,26727,2
2017-03-28,26565,27223,26321,24657,22519,20906,19893,19587,19296,19432,20373,21642,22959,23151,23773,24527,25419,26075,26845,27599,27957,28502,28745,28563,2
2017-03-30,29051,29315,28212,26063,24132,22465,21650,20808,20330,19991,20679,22099,23162,23405,24003,24731,25484,26003,26702,27299,27566,27682,27389,26817,2
2017-03-31,26685,27201,26255,24372,22731,21463,20799,20215,19831,19818,20128,21497,22570,22725,23360,23902,24414,24645,25003,25419,25868,26227,26260,25843,2
2017-04-01,24905,24996,24442,23144,21423,20199,19477,19184,18808,18701,18912,19308,19322,20073,21030,21684,22121,22495,22785,23440,24270,25020,25542,25455,0
2017-04-02,24660,24688,23952,22360,20864,20026,18985,18281,17893,18046,18252,18608,18427,19174,20206,20862,21340,21950,22661,23505,24645,25677,26270,26230,0
2017-04-03,25720,26187,25470,23853,22269,21131,20578,20041,19798,19978,20871,21904,22520,23145,23753,24338,24600,24612,24640,24496,24383,24320,24535,24596,3
2017-04-05,28218,28173,27252,25212,23597,22310,21395,20712,20245,20109,20501,21629,23035,23597,24211,25047,25825,26126,26273,26429,26580,26677,26714,26542,2
2017-04-06,26170,26240,25292,23616,22103,20614,19805,19536,19186,19000,20215,21283,22473,23090,23497,23828,23762,23686,23551,23528,23433,23331,23347,23308,3
2017-04-07,23506,24756,24646,23475,21988,21023,20822,20489,20407,20662,21127,22853,24446,24799,24673,24528,24184,23677,23305,23424,22840,22752,22528,22360,3
2017-04-08,22358,23244,23403,22639,21441,20654,20643,20445,20071,20304,20499,21376,22242,23266,23290,22828,22104,21539,21138,20864,20889,21043,21291,21397,0
2017-04-09,21295,22065,21968,21102,20071,19516,19223,18901,18823,18988,19355,19718,19969,21114,21488,21237,20885,20826,21046,21249,21579,22128,22792,23113,0
2017-04-10,23027,23844,23605,22062,21045,19702,18789,18336,18159,18552,19224,20995,22561,22943,23161,23442,23849,24103,24692,25289,25827,26489,26969,26889,2
2017-04-11,26538,26897,26185,24177,22171,20848,19852,19209,18851,18868,19734,21707,22584,22811,23214,23934,24747,25439,26193,26969,27645,28263,28519,28221,2
2017-04-12,27665,28009,27112,25021,22776,21380,20383,19780,19370,19438,20114,22234,23573,23410,23898,23976,24903,25690,26517,27348,27801,28154,28312,28186,2
2017-04-14,28786,28680,27872,25697,23424,22254,20789,19904,19424,19273,19741,21335,21742,22231,23239,24022,24869,25794,26889,27938,28831,29262,29281,28556,2
2017-04-15,27304,26940,26090,24425,22631,21024,20044,19617,18991,18419,18635,19172,19247,20045,21549,22808,23885,24852,25717,26701,27451,27891,27926,27342,2
2017-04-16,26395,26336,25830,24360,22422,20962,20004,19325,18901,18528,18562,18934,18843,19965,21142,22214,23117,24220,25279,26122,26786,27288,27452,27201,2
2017-04-23,28762,28146,27310,25553,23500,22034,21106,20283,20015,19617,19478,19477,19570,20438,21336,22163,22816,23366,23736,23982,23826,23933,23946,23738,2
2017-04-24,23553,24088,23767,22207,20851,19719,18827,18443,18291,18415,19315,21140,22257,22618,22967,23411,23584,23695,23841,23895,23859,23927,23998,24035,3
2017-04-25,24098,24791,24585,22948,21129,20219,19656,19184,18925,18963,19637,21330,22639,22660,23031,23586,24075,24608,25450,26179,27029,27844,28436,28284,2
2017-05-01,28769,28784,28203,26175,24076,22765,22051,21392,21086,21148,22022,23510,24434,24859,25452,25879,26243,26356,26658,26969,27415,28092,28518,28288,2
2017-05-02,27618,27205,26706,24593,22656,21273,20375,19757,19401,19433,20177,21230,21835,22543,23117,23756,24485,25121,25921,26876,27765,28727,29339,29111,2
2017-05-04,29028,28794,28054,25884,23632,22282,21719,20985,20471,20407,21128,22377,23041,23418,23752,24287,24576,24682,24790,24820,24369,24720,24547,24425,2
2017-05-05,24399,24874,24880,23281,21848,20892,20076,19537,19241,19420,19867,21335,22272,22795,23206,23546,23589,23510,23312,23121,22934,22859,22783,22758,3
2017-05-06,22686,23257,23299,22328,21712,20570,19904,19649,19561,19511,19627,19953,20396,21089,21632,21765,21628,21448,21288,21379,21569,21856,22219,22246,0
2017-05-07,22153,22426,22556,21549,20259,19120,18667,18252,18049,17962,18223,18366,18181,19161,20235,20817,21195,21683,22177,22688,23337,23979,24427,24536,0
2017-05-08,24274,24119,24293,22702,20883,19621,19074,18635,18786,19040,20265,21430,22308,22742,23233,23859,24387,24977,25758,26645,27445,28284,28776,28840,2
2017-05-13,27894,27361,26983,25538,23698,22602,21303,20347,20290,20066,19861,20127,19906,20789,22245,23438,24292,24882,25478,25942,26425,27067,27435,27284,2
2017-05-23,29320,29266,29072,27396,25547,24072,22775,22057,21666,21625,22382,24159,25272,25542,26277,26983,27366,27675,28007,28398,28690,28991,29346,29102,1
2017-05-24,28724,28427,28159,26339,24213,22588,21736,21577,21140,21213,21679,22690,23649,24522,25352,26151,26906,27556,28188,28568,28823,29059,29028,28629,2
2017-05-25,27673,26825,26664,25013,23039,21742,21076,20310,19929,19909,20701,21674,22015,22932,23608,24372,25015,25277,25866,26421,27107,27638,27968,27693,2
2017-09-08,28501,28554,27373,25227,23204,21876,19944,19622,19154,19243,19854,21308,21725,21816,22238,22770,23539,24260,25195,26333,27273,28100,28478,27866,2
2017-09-09,26634,26295,25207,23681,22363,21269,21196,20243,19743,19898,19986,20439,20307,20844,21917,23309,24523,25645,26361,27251,28127,28747,28842,28247,2
2017-09-10,27111,26828,25833,24362,22906,21264,20643,20219,19777,19481,19506,19740,19553,19733,21056,22081,22916,23354,23804,24060,24354,24210,24231,23833,2
2017-09-11,23617,24019,23396,22142,20695,19707,18964,18730,18143,18297,18850,19804,20468,21124,22080,22521,22912,23191,23097,23089,22661,22544,22741,23359,0
2017-09-12,23513,23575,23204,22255,20950,18688,16540,16559,16388,16581,17104,17917,18263,19130,20154,21183,21887,22367,22822,23122,23428,23688,24031,24020,0
2017-09-13,24009,24640,23803,22456,21056,19550,18680,18621,18678,18907,19698,20715,21726,22113,22832,23606,24585,25370,26001,26663,27171,27688,27788,27303,2
2017-10-02,25643,25860,24844,23137,21672,20493,19745,19280,19106,19344,20124,21797,23179,23237,23845,24634,25450,26177,26963,27576,28218,28642,28717,28363,2
2017-10-17,26058,25959,24460,22926,21445,20363,19577,19093,18793,18928,20038,21764,22856,22727,23017,23329,23374,23438,23660,24000,24374,24828,24822,24578,3
2017-10-18,25382,25383,24310,22650,21295,20376,19450,19041,18874,19211,20173,22179,23315,23366,23671,23710,23876,23668,23824,24246,24514,24895,25048,24805,3
2017-10-19,25515,25332,24423,22769,21418,20444,19907,19501,19353,19629,20742,22531,23748,23700,23876,24015,24216,24402,24818,25366,25757,26263,26219,25803,2
2017-10-20,26331,26146,25071,23342,21516,20483,20026,19638,19451,19633,20737,22508,23606,23659,23940,24188,24512,24716,25155,25725,26159,26454,26157,25333,2
2017-10-21,25486,24855,23840,22607,21324,20464,19734,19261,18967,18974,19115,19540,20341,21173,22146,22622,23247,23678,24143,24597,25003,25222,25154,24801,2
2017-10-22,25295,24916,24060,22846,21383,20356,19657,19066,18763,18667,18926,19503,19837,20224,21376,22361,23236,23952,24469,24917,25210,25457,25620,25911,2
2017-10-23,26956,26698,25469,23579,22489,21299,20846,20648,20371,20601,21674,23123,24474,24859,25254,25738,25949,26200,26317,26594,26620,26635,26415,25931,2
2017-10-24,26776,26263,25075,23372,21734,20432,19764,19390,19301,19456,20117,21729,23480,23602,23765,23941,23984,24049,24148,24240,24245,24366,24225,24184,3
2017-10-25,25343,25296,24281,22789,21353,20530,20083,20047,20053,20236,21133,23454,24942,24948,24714,24576,24218,23857,23661,23492,23398,23413,23525,23895,3
2017-10-26,25485,25757,25024,23620,22499,21885,21262,21181,21153,21589,22818,24888,26608,26560,26019,25249,24661,24090,23905,23734,23696,23733,23675,23760,1
2017-10-27,25097,25139,24312,22890,21430,20523,19933,19843,19853,20306,20871,23125,24868,24883,24760,24454,24202,23893,23766,23872,23793,23848,23657,23480,3
2017-10-28,24211,23857,23108,22038,21304,20138,19665,19091,18875,18706,19015,19475,20081,20568,21562,22328,22767,22973,22881,22749,22614,22651,22709,22884,0
2017-10-29,23805,23751,23208,22374,21591,20808,20117,20069,20117,20288,20453,21002,22198,23721,25018,25333,25053,24859,24593,24102,23776,23749,24080,25013,3
2017-10-31,25698,26050,25302,24163,23006,22083,21421,21268,21592,22222,23482,25754,26838,27535,26587,25504,24999,24182,23887,23689,23862,23997,23904,24374,1
2017-11-01,24152,24281,23684,22848,21877,20819,20002,19631,19992,20192,21593,23242,24572,25215,25014,24486,24120,23638,23535,23832,23797,24134,24481,24978,3
2017-11-02,25422,25809,24706,23266,21962,21069,19948,19551,19502,19728,20785,22370,23449,23980,24105,24193,24292,24761,24990,25443,25608,25657,25953,26697,2
2017-11-03,26666,26453,25688,24096,22634,21236,20202,19719,19324,19479,20533,21798,23087,23771,23977,23784,24635,25070,25366,25848,26334,26589,26439,26570,2
2017-11-04,26248,25753,24788,23808,22340,21096,20005,19300,19122,18897,19153,19513,20121,20944,21712,22771,23364,24308,24823,25245,25844,26027,26264,26110,2
2017-11-05,25772,25412,24373,23058,21946,20874,19853,19067,18820,18375,18404,18597,19243,20172,21390,22315,23138,23456,24139,24726,25235,25583,25475,26338,2
2017-11-06,26282,25802,25474,23643,22574,21087,20010,19091,18773,18581,18869,19799,21609,22807,23423,24108,24996,25636,26394,27089,27507,27503,27455,27460,2
2017-11-07,28344,27968,26875,25376,23746,21845,20829,20340,19944,19644,19812,20651,22578,23589,24123,24918,25745,26449,26961,27434,27863,27849,27630,27717,2
2017-11-08,28598,28296,27384,25917,24217,22442,21503,20801,20332,19999,20101,21192,23144,23656,24028,24362,24889,25023,25030,25169,25202,24997,25091,25822,2
2017-11-09,26637,26490,25717,24642,23090,21452,20898,20501,20082,20017,20342,21423,22951,24312,24354,24646,24863,24932,24890,24718,24617,24501,24621,25328,3
2017-11-10,26542,26528,26125,25205,23926,22657,22098,21918,21827,21740,21888,23080,24730,25626,25933,25615,25027,24567,24041,23720,23371,23155,23074,23563,1
2017-11-11,24884,24825,24745,24305,23694,23000,22165,22139,21849,21767,21766,22306,23153,23628,24583,24918,24612,23956,23372,22912,22921,22852,23066,23495,3
2017-11-12,24604,24651,24262,23660,22897,22153,21387,21221,20850,20727,20687,20964,21582,21953,22654,23703,23833,23632,23507,23332,23260,23212,23397,24391,3
2017-11-13,25734,25652,25221,24290,22963,21870,20936,20621,20572,20634,21132,22288,24125,25498,25527,25308,24974,24713,24346,24243,24172,24065,24114,24729,3
2017-11-14,26207,26432,26040,25169,23987,23010,22258,20892,20746,20916,21466,22689,24858,25586,25260,24307,23812,23157,21811,22255,22153,22109,22583,23671,3
2017-11-15,25360,25634,25434,24716,23481,22422,21416,22633,22564,22652,22963,24178,26358,27661,27325,26460,25767,25078,24744,24489,24281,24115,24207,25007,1
2017-11-16,26673,26863,26713,25897,24532,22998,22221,21904,22074,22206,22615,23964,25602,26651,26252,25600,25021,24533,24467,24328,24189,24068,24193,24470,1
2017-11-17,25854,25977,25754,25037,23885,23019,22498,22171,22252,22478,23177,24158,26580,27968,27591,26642,25696,24853,24219,23954,23869,23832,23686,23961,1
2017-11-18,25126,25008,24686,24289,23509,22546,21914,21573,21278,21168,21097,21409,22353,22661,23361,23737,23626,23287,22936,22731,22483,22512,22807,23165,3
2017-11-19,24122,23885,23393,22596,21472,20624,19586,18845,18429,18511,18771,19276,20215,20796,22256,23073,23129,22661,22276,22028,21808,21760,22236,23433,0
2017-11-21,27832,28182,28166,27558,26496,25668,24642,22805,22942,22714,23008,22902,23913,24902,25290,25120,24940,24330,23784,23585,23434,23116,22988,23321,1
2017-11-22,24331,24247,23902,23287,22395,21492,20785,21340,21051,21000,21196,22135,23184,24576,25209,25404,25184,24862,24319,23853,23681,23371,23277,24073,3
2017-11-23,25406,25447,25153,24810,24034,23273,22214,21577,21263,21521,21866,22434,22783,23718,25056,25655,25477,24698,23290,21959,20884,20554,20139,20579,3
2017-11-24,21398,21665,21927,22090,21892,21801,21495,21367,21662,22144,22708,23112,23999,24996,25496,25030,24075,23001,22035,21627,21248,21020,21258,22083,3
2017-11-25,23276,23466,23510,23326,22868,22416,22029,22181,22171,22209,22369,22896,23701,23965,24839,24871,24392,23547,22836,22198,22064,21708,21565,22196,3
2017-11-26,23280,23646,23613,23217,22602,21591,21233,21395,21260,21186,21520,22067,22501,23288,24207,24256,23569,22682,22067,21958,21705,21581,21561,22760,3
2017-11-29,26696,27018,26804,26026,24610,23605,22591,22334,22243,22176,22412,23154,25185,26615,26394,25826,25348,25007,24986,25119,24992,24916,24895,25289,1
2017-11-30,26586,26604,26111,25114,23615,22263,21306,19883,19574,19465,19870,20594,22173,23404,22085,23881,22869,22585,22524,22717,22857,23059,23013,23766,3
2017-12-01,24693,24586,24125,23256,21863,20751,19910,20169,20043,19947,20225,21079,22551,23975,23989,24290,24378,24296,24184,24137,23989,23779,23788,24288,3
2017-12-02,25200,24927,24488,23880,22998,22002,21243,20891,20606,20361,20409,20872,21202,21594,22470,23169,23291,23143,22948,22756,22990,22976,22456,23020,3
2017-12-03,24174,23943,23916,23339,22467,21353,20646,19951,19780,19404,19506,19981,20429,20981,21931,22706,22627,22178,21921,22179,22120,22031,21876,23077,0
2017-12-04,24763,24870,24691,24026,23046,21720,20869,20804,20749,20897,21383,22227,24679,26302,26218,25773,25342,25370,25016,24882,24447,24214,24309,25305,3
2017-12-05,26936,27082,26722,25661,24157,22647,21331,19665,19226,18640,18761,19274,21862,23369,23260,22959,22937,23004,23415,23660,24101,24583,24973,25979,2
2017-12-17,28525,29015,29416,29397,28884,28470,27910,27967,27776,27614,27632,27643,27848,28579,29270,28931,27868,26678,26145,25867,25988,25900,26105,27022,1
2017-12-18,27891,27906,27564,26733,25325,24411,23218,22391,22071,21996,22207,23012,24718,26331,26502,26643,26538,26317,25838,25504,25360,25373,24975,25973,1
2017-12-19,27512,27613,27290,26415,25058,23961,22818,22018,21653,21471,21756,22419,24295,25582,25735,25804,25645,25386,25073,25219,25086,24887,24954,25603,1
2017-12-20,26927,26795,26306,25392,24128,22855,21402,20343,19862,20010,19945,20623,22082,23554,23989,24496,24995,25179,25151,25001,24790,24712,24709,25418,2
2017-12-21,26477,26396,25903,25004,23857,22232,21392,20782,20302,20105,20482,21306,22408,23742,24381,24918,25225,25347,25111,24961,24817,24700,24801,25516,2
2017-12-22,26683,26646,26361,25661,24448,23132,22167,21488,20893,20673,20768,21578,22593,23514,24185,24762,25036,24940,24697,24371,24174,23963,24087,24813,3
2017-12-23,25670,25406,25076,24416,23471,22268,21275,20209,19905,19531,19302,19531,20004,20345,20926,21949,22735,22925,22865,22650,22518,22329,22374,23178,0
2017-12-24,24217,24115,23802,23457,22851,22018,20822,19940,19926,19688,19747,19720,20334,20824,21850,23090,23386,23164,22986,22792,22678,22596,22780,23601,0
2017-12-25,24662,24654,24526,24381,23947,23459,22875,22400,22403,22968,23655,24506,25472,26917,27948,28224,28133,27262,26035,25023,24186,23905,24306,25647,1
2018-01-10,27364,27840,27500,26697,25203,24003,22703,21976,21597,21509,21800,22984,24927,26554,26305,26007,25706,25405,25094,24826,24519,24204,24285,25088,1
2018-01-11,26542,26644,26278,25270,23793,22548,21402,21051,20731,20629,20895,21615,23479,24587,24916,25027,25036,25094,25082,25221,25067,24943,25015,25241,3
2018-01-12,26143,26279,25856,24832,23525,21891,21250,20551,20030,19855,20160,20974,22544,24246,24416,24824,25340,25570,25622,25820,25832,25863,26295,27680,2
2018-01-21,25992,26614,26671,26490,25873,25054,24566,24532,24720,25141,25549,25762,26459,27660,28578,27939,26126,24431,23747,23216,23100,23035,22939,22769,1
2018-01-22,24647,25299,25244,24568,23514,22597,22273,21941,21812,22077,22477,23642,25919,27713,27453,26910,26465,26153,25757,25544,25615,25397,25538,25788,1
2018-01-23,26958,27203,26744,25593,23893,22507,21641,21054,20763,20500,20968,22236,24943,27310,27545,27111,26638,26010,25451,24860,24615,24519,24812,25345,1
2018-01-27,27053,27333,27138,26577,25558,24612,23533,22862,22372,22092,22079,22354,23108,23722,24533,25346,25487,25191,24709,24139,24006,23807,23939,24170,1
2018-01-28,25163,25184,24719,23987,23048,22208,21423,20890,20465,20167,20173,20156,20372,21233,22176,22881,23286,23231,23409,23444,23282,23271,23333,23919,3
2018-01-29,25204,25503,24964,24175,22964,21758,20863,20536,20283,20307,20881,21919,24335,26361,26525,26244,25941,25737,25171,25000,24693,24436,24116,24605,3
2018-02-04,27867,28546,28492,27964,26967,25649,24794,24604,24206,24205,24289,24723,24877,25576,26543,27456,27486,27063,26740,26487,26040,25696,25589,25748,1
2018-02-07,25592,26574,26180,25220,23698,22305,21210,20321,20018,19867,20165,21336,23146,24800,24899,25088,25267,25344,25206,25129,25241,25422,25511,25812,2
2018-02-10,25382,25778,25292,24572,23541,22476,21496,20023,19575,19532,19387,19557,20170,20600,21474,22436,22921,23001,22775,22341,20833,21846,21967,22214,0
2018-02-11,23249,23486,22885,22141,21221,20115,19181,18913,18742,18433,18317,18444,18696,19268,19897,21093,21735,21997,22052,22188,22108,21962,22171,22676,0
2018-02-12,23936,24342,23796,22924,21651,20465,19887,19165,18837,18903,18909,20165,22395,24074,24429,24692,25061,25174,25186,25022,24866,24690,24741,25241,3
2018-02-13,26646,27389,26944,25952,24456,23104,21860,21453,21325,21193,21522,22414,24300,25999,26170,26241,26159,25868,25410,25132,24884,24634,24645,25049,1
2018-02-14,26378,27303,26993,26272,24670,23014,22054,21559,21428,21243,21638,22622,24461,25886,25825,25906,25540,25226,24802,24415,24495,24592,24646,24532,1
2018-02-15,25400,25839,25492,24611,23175,21933,20656,20271,19987,19728,19749,20507,22276,23756,23702,23845,23959,24086,24130,24537,24463,24389,24379,24167,3
2018-02-16,24855,25736,25457,24416,22933,21476,20364,19824,19323,19057,19235,19663,21367,22573,23013,23428,23883,24224,24278,24754,24771,24561,24195,24238,3
2018-02-17,24685,24817,24267,23422,22295,21042,19905,19422,19144,19130,18904,18841,19195,19953,21044,22135,22845,23113,23035,22866,22698,22629,22539,22571,0
2018-02-18,23231,23777,23364,22526,21540,20325,19521,19088,18634,18430,18321,18316,18880,19130,20196,21263,21534,21533,21570,21779,21857,21946,22009,22487,0
2018-02-19,23397,24007,23535,22760,21731,20662,19445,19179,18775,18695,18890,19652,20563,22057,22823,23549,24039,24336,24590,24827,25089,25133,24996,25016,3
2018-02-20,25717,26492,25741,24594,22888,21414,20372,19569,19277,19093,19292,20328,21583,22671,23007,23531,23986,24476,24673,24846,25012,24873,25173,25291,2
2018-02-21,26094,26935,26436,25253,23765,22212,20919,19607,19176,18920,18818,19700,21230,22325,22352,22762,23374,23627,24080,24318,24393,24452,24601,24754,2
2018-02-22,24964,25833,25533,24475,22442,20835,19826,20220,20017,19824,19958,20626,21832,23214,23552,24143,24867,25665,26198,26781,27279,27525,27561,27257,2
2018-02-23,27056,27716,27049,25824,24147,22560,21171,20350,19638,19357,19456,20170,21447,22613,23040,23648,24375,24907,25327,25893,26306,26486,26408,25999,2
2018-02-24,25779,26183,25360,24298,23144,21992,20615,20028,19456,19007,18771,18997,19469,19653,20525,21708,22749,23597,24263,24707,24818,24994,24916,24693,2
2018-02-25,24651,25292,24650,23796,22599,21146,20282,19635,19089,18607,18474,18485,18743,18763,20016,20910,21607,22041,22129,22178,22169,22146,22316,22622,0
2018-02-26,23505,24178,23834,22908,21516,20272,19348,18917,18621,18470,18811,19619,21225,22741,23047,23368,23652,23812,23812,23833,23853,23734,23685,23683,3
2018-02-27,24339,25514,25175,24158,22712,21178,20331,20234,19936,19929,20401,21448,23474,24996,25066,24905,24632,24220,23940,23832,23637,23592,23607,23624,3
2018-02-28,24430,25819,25578,24597,23126,21525,20572,19997,19586,19530,19791,21107,22776,24203,24392,24650,24871,24949,24830,24918,24900,24911,24998,25082,3
2018-03-01,25757,26553,26122,25135,23810,22257,20929,20132,19713,19468,19675,20754,22425,23560,23817,23996,24409,24716,25070,25242,25297,25107,24913,24817,2
2018-03-02,25368,26080,25699,24663,23017,21377,20458,19777,19531,19498,19900,21238,23604,24746,24769,24580,24281,23971,23530,23263,23052,22836,22776,22835,3
2018-03-03,23309,24560,24529,24051,23292,22373,21858,21416,21327,21713,22092,22511,23213,24363,25185,25075,24204,23154,22185,21566,21109,20906,20867,21069,3
2018-03-04,21765,23198,23273,22925,22352,21594,21243,20891,20688,20866,21204,21980,22773,23834,24679,24389,23409,22360,21614,21330,21379,21295,21330,21323,3
2018-03-05,22285,23926,23975,23321,22200,20947,20637,20747,20365,21013,21376,23243,25180,26205,26576,25820,24867,24309,24102,23713,23697,23596,23832,24097,3
2018-03-06,25000,25237,25385,24178,22891,21345,20349,19381,19032,19005,19522,20535,22056,23513,24118,23874,24021,24050,23942,23722,23760,23586,23358,23831,3
2018-03-07,24745,25093,25513,24566,23703,22541,21762,21113,20863,20916,22031,23636,25003,26726,26671,26202,25308,25117,24339,24102,23801,23644,23658,24556,1
2018-03-10,24042,24496,25082,24650,24395,23666,23065,22416,22446,22272,22505,23206,23818,24768,25052,24705,24313,23731,22957,22321,21947,22164,21802,22347,3
2018-03-11,22752,23101,23144,22539,21825,20551,20261,20339,19976,20812,21312,21951,22683,23380,23270,23153,22265,22239,22135,21859,22212,22034,22330,23218,3
2018-03-12,23449,24090,23672,22894,21688,20831,20231,19920,19997,20586,21723,24045,26499,27289,27778,28277,28415,28130,27619,26704,25864,25391,25260,25640,1
2018-03-16,23897,25593,25418,24248,22858,22313,22037,21935,22137,22556,23887,26214,28202,28102,27214,26025,25080,24231,24024,23884,23403,23301,22937,22569,1
2018-03-17,22873,23826,23409,22512,21697,20558,19805,19328,19409,19542,19530,19820,20911,21727,22609,22991,23185,22929,22573,22278,22209,22286,22481,22415,0
2018-03-18,22477,23351,22896,21985,20679,19495,19189,18621,18292,18209,18339,18701,19412,20068,20518,21079,21340,21651,22042,22370,22529,22774,23019,23190,0
2018-03-19,23723,24412,23732,22415,20666,19623,19053,18578,18435,18616,19555,21124,22829,23079,23435,23790,24051,24257,24413,24443,24574,24722,25049,25261,3
2018-03-20,25584,26190,25258,23609,21849,20414,19875,19395,19164,18961,19595,21491,23259,23402,23598,23906,24114,24299,24420,24383,24311,24309,24314,24456,3
2018-03-21,24911,26015,25404,24006,22452,21605,21443,21324,21474,22053,22965,25682,28003,28249,28225,27983,27487,26839,26252,26001,25948,25761,25665,25699,1
2018-03-24,23356,24130,23888,22925,22222,21156,19862,19436,19227,19428,19871,20091,21009,21640,22130,22050,21502,21095,20628,20434,20285,20466,21688,22703,0
2018-03-25,22874,23374,22470,20837,19823,18761,19105,18841,18760,18698,18959,19387,19712,20612,21970,22735,23174,23439,23698,23886,23990,23970,24245,24575,0
2018-03-26,24864,25799,25323,23960,22278,21247,20904,20630,20518,21011,21746,23970,25965,26329,26792,27200,27285,27009,26686,26346,26143,26252,26581,27043,1
2018-03-27,27650,28491,27679,26037,24545,23434,22829,22358,22182,22506,23109,24965,26522,26531,26520,26537,26168,25638,25511,25199,24845,24796,24379,24383,1
2018-03-28,24825,26110,25719,24171,22722,21304,20489,20438,20339,20573,21757,23231,24497,24510,24342,24313,24167,24169,24353,24613,24809,25135,25181,25194,3
2018-03-29,25155,26129,25577,23996,22412,21108,20226,19664,19303,19433,20109,21747,23051,23279,23653,23957,24435,24486,24711,25300,25266,24866,24711,24662,3
2018-03-30,24878,25468,24818,23408,21712,20948,20148,19483,19135,19183,19401,20409,21713,22187,22727,23247,23177,23057,22815,22738,22496,22379,22304,21948,3
2018-03-31,21876,22830,22688,21885,20767,19997,19667,19325,19260,19338,19890,20616,21308,22471,23065,22856,22215,21546,21174,20916,20875,21126,21368,21481,0
2018-04-01,21473,22366,22358,21574,20387,19570,17416,17248,17085,17204,17614,18121,18757,19752,20140,19393,18740,18513,18545,18627,18894,19272,19865,20220,0
2018-04-02,20387,21297,21212,20212,18693,17713,18336,17917,17806,18034,18754,20451,21820,22406,22878,23358,23877,24317,24769,25532,26169,26564,26789,26754,2
2018-04-03,26424,26887,26188,24440,22472,20768,19200,18682,18436,18529,19112,20390,21669,20916,23157,22445,23140,23533,24164,24813,25410,25898,26350,26529,2
2018-04-04,26424,26944,26421,24698,23019,21570,21372,20471,20011,19968,20029,21485,22671,23034,23508,23769,23905,23848,23757,23692,23511,23501,23522,23505,3
2018-04-05,23554,24558,24369,23225,21800,20995,20762,20533,20652,21229,21941,23956,26102,26644,26217,25398,24655,23977,23486,23605,23511,23549,23592,23133,3
2018-04-06,23250,24446,24191,22982,21587,20658,20143,20086,20131,20210,20825,22477,24124,24398,24176,24098,23794,23559,23520,23542,23536,23641,23651,23559,3
2018-04-07,23434,23934,23518,22477,21107,19886,19618,19055,18665,18691,18956,19236,19489,20372,21537,22450,22860,22901,22806,22510,22387,22372,22383,22522,0
2018-04-08,22866,23823,23665,23021,22072,21037,20683,20664,20608,20855,21203,21752,22475,23495,24494,24645,24114,23474,22923,22365,21859,21717,21912,22306,3
2018-04-09,22964,24312,24201,23041,21866,20634,19939,19685,20001,20078,20982,23310,24957,24903,25008,25145,25117,24911,24743,24435,24285,24082,24206,24214,3
2018-04-10,24631,25743,25380,23913,22443,21391,20932,20710,20605,20881,21979,23370,24779,24709,24750,24606,24349,24146,24148,24115,24120,24230,24300,24174,3
2018-04-11,24222,25189,25018,23443,22097,20743,20476,20303,20436,20598,22048,24140,25728,25652,25115,24615,24149,23750,24020,24288,24381,24455,24186,24125,3
2018-04-12,24110,25083,24735,23127,21464,20800,19622,19266,19403,19784,20597,22964,24430,24104,23493,22902,22720,22696,22765,22866,23135,23574,24719,24532,3
2018-04-13,24382,25104,24640,23326,21443,20330,19807,19223,19000,18922,19938,21716,23102,23419,23523,23880,24159,24442,24891,25312,25802,26165,26334,26022,2
2018-04-14,25420,25707,25338,24057,22471,21355,20706,19817,19420,19192,19398,20039,20276,20974,21973,23091,23956,24609,25029,25375,25631,25748,25652,25478,2
2018-04-15,25112,25475,24921,23611,22090,20646,20244,19668,19176,18771,18634,18940,19071,19734,20812,21438,21771,21909,21878,21715,21646,21672,21854,22168,0
2018-04-16,22672,23658,23507,22366,20994,20116,20091,19990,20168,20585,21985,24570,26567,26972,26894,26616,26500,25924,25382,24572,23946,23651,23479,23796,3
2018-04-17,24364,25892,26046,24648,23062,22616,21911,21874,22494,23226,24092,26777,28334,27678,26496,25448,24673,23972,23519,23392,23667,23799,23760,23777,1
2018-04-18,23873,24799,24632,22991,21309,20113,19329,18828,18652,18981,19983,21698,23039,23179,23181,23360,23454,23826,24372,24990,25695,26358,26907,26910,2
2018-04-19,26552,26801,26424,24557,22425,21021,20272,19620,19267,18952,19722,21253,22488,22858,23265,23710,24119,24355,24772,25146,25375,25497,25405,24985,2
2018-04-20,24563,25081,24846,23191,21548,20575,19831,19431,19386,19712,20629,22777,24474,24675,24519,24225,23741,23276,23006,22864,22831,22880,22925,22743,3
2018-04-21,22368,22877,22863,21992,21040,20086,19734,19312,18920,18971,19607,20482,20826,21637,22096,22029,21811,21514,21428,21466,21623,21903,22003,22037,0
2018-04-22,21933,22520,22468,21480,20169,19668,18385,17794,17499,17318,17425,17616,18218,19003,20088,20777,21169,21420,21648,21680,21748,21959,22217,22595,0
2018-04-23,22799,23424,22952,21729,20081,18968,18350,17967,17848,18160,19102,20957,22372,22751,23212,23688,24091,24222,24368,24567,24678,24804,24947,24885,3
2018-04-24,24757,25213,24784,23089,21149,19908,19445,19259,19129,16353,13843,15708,16763,16862,17101,17351,17781,22601,22805,23068,23214,23291,23454,23410,0
2018-04-25,23542,24237,24090,22365,20556,19273,18792,18313,18079,18305,19334,21379,22398,22765,23290,23575,23351,23485,23833,24130,24373,24627,24805,24708,3
2018-04-26,24579,24882,24581,22940,20985,19724,18772,18312,18109,18277,19341,21294,22676,22918,23282,23536,23762,23903,24086,24262,24148,24268,24325,24274,3
2018-04-27,24175,24653,24503,23038,21159,19752,19230,18812,18626,18791,19537,21327,22517,22786,23109,23316,23294,23222,23372,23502,23604,23820,23942,23637,3
2018-04-28,23143,23335,23276,22142,20567,19163,18445,17796,17663,17659,17988,18673,19332,20458,21217,21548,21714,21889,22080,22542,23155,23759,24096,24064,0
2018-04-29,23540,23345,23038,21829,20273,18875,18011,17447,17029,16864,17071,17470,17964,19094,20210,20312,20546,20988,21462,21953,22344,23081,23503,23682,0
2018-04-30,23405,23614,23423,21923,19920,18756,17931,17617,17564,17977,19360,21306,22772,23121,23094,23178,23245,23507,23807,24229,24781,25459,25954,26073,3
2018-05-01,25762,25795,25390,23499,21206,19438,18796,18424,18233,18478,19196,21153,22392,22703,23084,23556,24124,24819,25665,26424,27164,27888,28308,28082,2
2018-05-06,26172,26036,25691,24508,22767,20997,19821,19080,18597,18184,18152,18428,18739,20008,21412,22403,23347,24360,25363,26424,27447,28113,28623,28468,2
2018-10-12,28209,27598,25973,23916,22426,21039,19920,19125,18777,18700,19374,20528,21622,21660,21997,22559,23067,23484,24153,24607,25195,25532,25383,24558,2
2018-10-13,24312,23878,22799,21626,20475,19286,18910,18381,17897,17918,18097,18492,18659,19330,20164,20933,21625,22134,22822,23541,24194,24819,24951,24431,0
2018-10-14,24301,23997,22914,21731,20366,19346,18785,18254,17876,17697,17805,18168,18699,19094,20327,21162,22283,23506,24809,26090,27201,28073,28303,27812,2
2018-10-18,28756,28107,26681,24792,22847,22062,21278,20622,20194,20234,20850,21603,22702,22816,23306,23800,24349,24854,25517,26246,26682,27031,26862,26292,2
2018-10-19,26738,26414,25236,23522,21607,20929,20645,20094,19705,19769,20288,21608,22887,22962,23389,23784,24297,24885,25624,26330,26617,26822,26731,26258,2
2018-10-20,26436,25919,24882,23838,22311,21319,20888,20128,19928,19891,20166,20655,20815,21109,22338,23526,24500,25206,25632,25661,25510,25144,24723,24275,2
2018-10-21,24654,24355,23387,22214,20899,19948,18844,18881,18696,18549,18696,18790,19445,20100,20790,21226,21239,21428,21408,21450,21464,21623,21875,22076,0
2018-10-22,23292,23594,22914,21734,20638,20114,19524,19814,19945,20402,21218,23217,25069,25367,25233,24795,24415,24064,23979,24202,24216,24138,23761,24100,3
2018-10-23,25478,25279,24364,23001,21455,20553,20605,20402,20100,20193,20854,22420,24137,24072,24119,24132,24082,24001,23967,23929,23816,23728,23705,24067,3
2018-10-24,25355,25064,24171,22692,21681,20818,20102,19828,19789,20069,21047,22755,24421,24397,24334,24198,24017,23941,24141,24321,24524,24719,24765,24621,3
2018-10-25,25486,25240,24246,22744,21262,20535,19925,19556,19477,19739,20823,22284,23767,23862,24089,24140,24156,24173,24172,24031,23860,23907,24034,24711,3
2018-10-26,25762,25606,24708,23302,21779,21351,20992,20544,20385,20933,21378,22674,24260,24539,24848,25138,25135,25097,24809,24640,24396,24386,24380,24407,3
2018-10-27,24860,24437,23682,22530,21302,20837,20237,20191,19936,19962,20022,20250,20560,21333,22201,22634,22711,22544,22240,21934,21622,21589,21751,21939,0
2018-10-28,22961,22909,22363,21590,20938,20284,20159,19979,19968,19903,20288,19999,20406,21329,22237,22236,21858,21696,21749,21808,21959,22229,22647,22758,0
2018-10-29,23931,23962,23050,21663,20600,19783,18981,18466,18302,18713,19966,21471,22845,23355,23774,23663,23945,24139,24547,24833,25579,25559,25556,25946,3
2018-10-30,25919,25642,24955,23315,21946,20913,20043,19698,19859,20333,21430,23173,24329,25166,24823,24350,24464,23961,24357,24344,24907,25232,25797,25621,3
2018-10-31,25830,25892,24724,23453,22094,20950,20188,19867,19552,19963,21034,22393,23628,24240,24189,24054,23999,24674,24961,25325,25951,26012,25913,25991,2
2018-11-01,25513,25185,24539,23519,21929,20776,20064,19650,19516,19302,20495,21611,22781,23311,23846,23866,23918,24143,23643,24168,23659,24312,24399,24895,3
2018-11-02,25387,25180,24684,23252,21885,20413,19421,19032,18707,18846,19654,21503,22935,23286,23596,23904,23868,23716,23682,23417,23144,23036,23116,23418,3
2018-11-03,24215,24075,23613,22800,21906,20852,20280,19948,19714,19945,20510,21435,22823,23681,24364,24032,23345,22527,21905,21502,21249,21238,21363,21616,3
2018-11-04,22722,22620,22099,21440,20587,19693,19718,19698,19647,19837,20103,20448,21401,22004,22621,23067,22420,22094,21631,21605,21542,21648,22026,22830,0
2018-11-05,23593,23976,23314,22251,21012,19982,18900,18134,17848,17779,18052,19134,21272,22601,23162,23506,23842,24074,24180,24346,24435,24507,24700,25306,3
2018-11-06,26275,26254,25536,24389,22898,21408,20406,19845,19459,19281,19526,20341,22028,23299,23961,24410,24815,25077,25375,25502,25521,25318,25132,25346,2
2018-11-07,26286,26114,25480,24129,22576,21239,19805,19143,18933,18821,19195,20221,22334,23491,23871,24140,24410,24728,24994,25202,25351,25364,25472,25923,2
2018-11-08,26400,26120,25464,24373,22852,21501,20107,19607,19207,19044,19249,20238,22097,23403,23734,24002,24319,24526,24554,24767,24792,24741,24806,25389,2
2018-11-09,26181,26112,25465,24397,22972,21544,20289,19571,19168,19026,19345,20219,22069,23415,23919,24458,24936,25253,25386,25283,25172,24915,24793,25271,2
2018-11-10,25715,25361,24772,23995,23129,22066,21217,20646,20318,20271,20558,21316,22525,23714,25098,25582,25454,24840,24032,23314,22756,22534,22771,23827,3
2018-11-11,25579,25982,26036,25635,25165,24315,23553,23048,22728,22651,22761,23302,24097,25022,26043,26063,25226,24136,23415,22867,22469,22295,22557,23692,1
2018-11-12,25134,25180,24895,24082,22905,21692,20752,20206,20022,20077,20568,21687,23743,25362,26094,26748,27382,27652,27715,27652,27561,27577,27789,28488,2
2018-11-13,29185,28855,28143,26865,25249,23499,22369,21658,21186,20943,21206,22371,24574,26029,26173,26447,26715,26867,26813,26809,26744,26907,27295,28102,1
2018-11-17,27748,28123,28041,27774,27083,26302,25586,25268,25093,25285,25644,26545,27841,28984,29324,28242,26803,25184,23862,22907,22224,21934,22090,23071,1
2018-11-18,24424,24613,24500,24226,23653,22863,22199,21905,21779,21949,22216,23169,24139,25226,26005,25554,24334,23136,22275,21777,21641,21436,21704,22607,3
2018-11-19,24159,24356,24230,23742,22965,22031,21253,20822,20825,20981,21605,22915,24910,26477,26809,26458,25782,25178,24577,24173,23938,23766,23653,24510,3
2018-11-20,25732,25794,25517,24352,23180,21641,20411,18999,18982,18922,19187,20229,21566,23245,23990,24371,24461,24152,23649,23369,23215,23152,23229,24205,3
2018-11-22,26803,27105,27240,27114,26434,25462,24577,24126,23984,24104,24502,25246,26140,27113,28014,27888,27297,26211,24501,22815,21582,20768,20345,20869,1
2018-11-23,22151,22527,22981,23194,23126,22741,22314,22175,22118,22145,22539,23164,24133,24849,25326,25603,25572,25086,24521,24149,23998,24011,24315,25365,3
2018-11-24,26159,26042,25786,25200,24349,23491,22398,21689,21171,20991,21095,21534,22172,22890,23779,24629,25073,24828,24276,23577,22964,22644,22540,23346,3
2018-11-25,24330,24556,24316,23882,23174,22202,21211,20627,20385,20257,20330,20696,21320,21948,23064,23849,23833,23336,22766,22359,22264,22304,22773,24182,3
2018-11-26,25402,25517,25158,24240,22872,21382,20255,19750,19496,19564,20182,21720,24139,26229,26619,27021,27285,27049,26780,26460,26201,26153,26734,28487,2
2018-11-30,28311,28404,28105,27448,25717,23978,22695,21854,21434,21409,21713,23018,25183,26432,26147,25775,25391,24831,24266,23984,23661,23400,23435,24286,1
2018-12-01,25102,24969,24596,23919,23014,21818,20630,19854,19523,19310,19331,19752,20442,21347,22419,23662,24369,24638,24574,24294,24079,23984,23812,24300,3
2018-12-02,24806,24305,24287,23547,22483,21169,19979,19078,18472,17946,17801,18049,18502,19113,20103,21089,21620,21901,21956,22056,22056,22025,22240,23050,0
2018-12-03,24359,24232,24090,23357,22106,20732,19560,19037,18686,18840,19307,20644,23003,24719,24889,24744,24559,24274,24052,23887,23672,23528,23693,24699,3
2018-12-14,29202,29326,29117,28137,26789,25117,23776,22831,22356,22215,22583,23705,25270,27016,26957,27230,27254,27076,26722,26420,26226,26250,26143,26928,1
2018-12-15,27500,27098,26664,26074,25052,23854,22876,22129,21990,21784,21907,22310,23211,23974,24644,25406,25603,25310,24925,24677,24411,24271,24492,25444,1
2018-12-16,26564,26432,26183,25697,24884,23925,23176,22760,22388,22225,22264,22655,23072,23757,24789,25291,25201,24756,24493,24093,23849,23762,23921,25144,1
2018-12-17,26827,27278,27368,26947,25956,24791,23796,23174,23287,23457,24008,25261,27421,29311,29309,28657,27684,26770,25732,25293,24752,24144,24667,25745,1
2018-12-20,28317,28290,27879,27100,25656,24488,23204,22742,22260,22225,22579,23708,24910,26501,26868,27212,27426,27499,27173,26833,26571,26305,26375,27271,1
2018-12-23,26490,27147,27644,27846,27617,26968,26559,26591,26520,26590,26740,26784,27492,28433,28945,28267,26533,24987,23863,23083,22786,22515,22537,23121,1
2018-12-24,24285,24353,24390,24104,23721,23113,22623,22155,22112,22411,23107,23939,24955,26405,27666,27733,26996,25898,24662,23528,23043,22732,22816,23547,1
2018-12-25,24934,25387,25725,26023,25962,25653,25240,25400,25391,25567,25998,26667,27514,28413,29024,28047,26300,24731,23483,22503,21606,20998,20959,21573,1
2018-12-26,22641,22948,23110,23035,22593,21836,21676,21604,21889,22193,22493,23503,25218,26782,27412,26998,26182,25364,24369,24070,23573,23589,23711,24201,1
2018-12-27,25794,25991,25750,25145,24219,23113,22243,22042,21692,21629,21831,22130,23253,24532,25192,25641,25775,25595,25566,25100,24832,24656,24781,25441,1
2018-12-28,26180,26034,25474,24563,23295,22251,21513,20756,20113,19729,19855,20206,20889,22010,22666,23250,23976,24209,24033,23815,23602,23391,23311,23851,3
2018-12-29,24524,24195,23793,23184,22311,21523,20179,20149,19823,19587,19692,20126,20516,21288,21772,22652,23086,23030,22649,22201,21786,21594,21665,22588,0
2018-12-30,23814,23682,23291,22658,22006,21110,20405,19973,19382,19195,19137,19153,19500,20139,20696,21825,22332,22395,22549,22460,22353,22159,22393,23178,0
2018-12-31,24258,24106,23706,22993,21969,20916,20160,19525,18914,18697,18754,19128,19867,20510,20910,21839,22607,22944,23024,22935,22792,22630,22697,23262,0
2019-01-01,24248,23673,22860,21851,20930,19980,19395,18688,18388,17904,17721,17737,17833,17781,18167,19276,20392,21266,21717,21800,21552,21439,21427,22254,0
2019-01-02,23289,23131,22610,21887,20855,19761,19108,18718,18305,18230,18586,19247,20731,22187,22921,23576,24149,24486,24529,24631,24672,24622,24739,25571,3
2019-01-03,26639,26462,25929,24929,23732,22529,21517,20869,20389,20211,20446,21320,22584,23680,24006,24571,24937,25198,25227,25117,25068,24941,25012,25614,2
2019-01-04,26596,26551,26010,25000,23703,22599,21682,20999,20509,20247,20429,21120,22411,23579,24044,24422,24828,25008,24951,24806,24382,24055,24033,24668,3
2019-01-05,25996,26298,26164,25881,25097,24318,23536,23141,22750,22703,22825,23357,24091,24900,25561,26050,25737,24990,24060,23199,22530,22116,22151,22902,1
2019-01-06,24735,25161,25322,25033,24672,23930,23412,23185,23029,23097,23340,24026,24637,25492,26491,26213,24784,23436,22845,22642,22250,21740,21824,22352,1
2019-01-07,24168,24495,24604,24058,23135,22427,21807,21489,21543,21790,22688,24038,26861,28881,28854,27767,26366,25271,24490,24026,24040,23812,24038,24049,1
2019-01-08,25857,26320,25722,24749,23633,22541,21645,21306,21214,21129,21011,21947,24135,25866,25827,25731,25698,25449,24761,24211,24233,23993,23929,24052,1
2019-01-09,25566,25930,25621,24805,23405,22670,21950,21561,21450,21722,21472,22973,25734,27817,27962,27475,26897,26339,25658,25562,25216,24985,25254,26383,1
2019-01-12,28335,28887,29037,28537,27667,26913,26213,25570,25264,25124,25178,25375,26179,26820,27707,28359,28539,28287,27712,27061,26620,26586,26758,27331,1
2019-01-13,28161,28087,27755,27026,26033,25052,24400,23611,23226,23062,23087,23557,24211,24743,25751,26710,26853,26662,26377,26153,26388,26054,26103,26998,1
2019-01-19,25592,25768,25449,24881,24088,22923,22040,21853,21559,21306,21277,21559,21536,21876,22773,23748,24226,24197,23848,23468,23036,22912,22869,23498,3
2019-02-02,25962,26772,26763,26435,25726,24760,24139,23683,23656,23603,23848,24573,25296,26401,27147,26950,25989,24527,23041,22070,21455,21529,21537,21933,1
2019-02-03,22507,22837,22580,22022,21358,20467,20033,19347,18899,18730,18439,18590,19130,20078,21196,22172,22145,21711,21377,21556,21427,21221,21128,21286,0
2019-02-04,22178,22559,22388,21923,21422,20717,20059,19443,19560,19419,20111,21522,23980,25621,25384,24662,24085,23686,23400,23108,22772,22520,22187,22526,3
2019-02-05,24018,24816,24515,23682,22063,20630,20097,20865,20483,20462,20680,21058,23304,24719,24630,24414,24099,23852,23774,23644,23559,23790,23810,23732,3
2019-02-06,25019,25693,25230,24072,22653,21778,21046,20383,20028,19947,19988,20516,22095,23645,23716,23815,23808,23990,24012,24080,24104,23987,23969,24171,3
2019-02-07,25186,25728,25316,24193,22787,21361,20482,20051,19817,19530,19378,20130,21618,23149,23242,23294,23521,23935,24171,24575,24855,24903,24887,24848,3
2019-02-08,25549,26200,25632,24527,22889,21383,20147,19575,19255,19130,19299,19464,21406,23158,23523,23910,24153,24159,23950,23713,23488,23177,23256,23833,3
2019-02-09,25484,26309,26333,26043,25341,24381,23609,23812,23548,23605,23875,24671,25416,26248,27431,28140,28020,27285,26234,25470,24607,23921,23737,23926,1
2019-02-10,25215,26098,26048,25810,25197,24310,23818,23692,23437,23288,23324,23314,23635,24550,25674,26605,26821,26537,26310,26050,26108,25798,25520,26071,1
2019-02-11,27386,27920,27667,26676,25396,24432,23726,23651,23391,23322,23536,24222,26613,28175,28130,28006,27764,27332,26730,26167,25638,25821,25754,25770,1
2019-02-12,26918,27402,26828,25771,24172,23068,22267,21863,21372,21247,21544,21937,23728,24701,24630,24720,24784,24844,24714,24647,24524,24272,24348,24801,1
2019-02-15,26021,26873,26745,25890,24593,23466,22328,22543,22451,22451,22477,22526,24481,25927,25856,25708,25401,25052,24516,24169,23781,23486,23449,23774,1
2019-02-16,24549,24761,24374,23588,22517,21392,20410,20055,19913,19639,19569,19223,19484,20274,21311,22298,22820,22764,22690,22674,22457,21964,21904,22027,0
2019-02-17,23015,23629,23300,22788,21976,21381,20721,19964,19425,19334,19344,19527,19542,20239,21316,22567,23184,23303,23450,23474,23880,23727,23766,24147,0
2019-02-18,24977,25394,25090,24263,23067,22180,21449,20918,20827,20571,20587,21522,23016,24608,25298,25781,25864,25668,25201,24846,24645,24348,24520,25114,3
2019-02-21,28744,28980,28470,27263,25706,24741,23624,22874,22448,22306,22523,23287,24866,26201,26357,26408,26397,26384,26187,25887,25695,25805,25823,25573,1
2019-02-22,26273,26842,26344,25396,23802,22695,21712,20997,20526,20122,20459,21363,22868,24221,24538,24871,25166,25333,25417,25497,25569,25355,25211,25203,2
2019-02-23,25691,25967,25297,24578,23547,22699,21923,21002,20433,20071,20018,20332,20657,21074,22170,23324,24112,24292,24378,24240,24133,24050,24117,24258,3
2019-02-24,24864,25199,24797,24201,23252,21990,21353,20736,20284,19976,19814,19893,19877,19964,20805,21547,21791,21705,21548,21435,21256,21099,21280,21595,0
2019-02-26,25118,26749,26702,26009,24687,23615,23030,22475,22753,22561,22799,23597,25861,27274,27006,26373,25607,24945,24705,24783,24605,24380,24309,23868,1
2019-02-27,24631,25724,25488,24469,23014,21821,20799,20123,19957,19950,20040,20725,22674,24000,23993,23958,23968,23890,23794,23781,23725,23636,23628,23740,3
2019-02-28,24213,25359,25043,24141,22818,21764,20708,20310,20048,19939,19734,20697,22387,23862,23922,24069,24171,24145,24174,24113,23949,23766,23650,23854,3
2019-03-01,24531,25476,25193,24283,22852,21934,20765,20418,19957,19593,19484,19916,21761,23170,23339,23657,23907,23895,23724,23660,23587,23349,23101,23082,3
2019-03-02,23603,24148,23734,23025,22123,21105,20313,20039,19772,19857,19841,19781,20218,20584,21305,22233,22658,22650,22367,22103,21956,21764,21759,21815,0
2019-03-03,22521,23247,22876,22221,21386,20300,19581,19289,19257,18727,18712,18855,19028,19307,20363,21302,21822,22015,22352,22696,22875,22840,22869,23117,0
2019-03-08,25009,26483,26618,25923,24587,23585,22525,22619,22337,22305,22601,23233,25520,26647,26472,26157,25778,25132,24595,24252,23835,23509,23393,23442,1
2019-03-09,23921,24633,24274,23668,22607,21730,20732,20482,20009,19803,19816,19897,20597,21076,22114,22866,23215,23224,23000,22622,22292,22012,22069,22270,0
2019-03-10,22741,23461,23038,22420,21465,20333,19930,19259,18792,18514,18622,18906,18952,19417,20479,21230,21531,21804,22105,22220,22222,22438,22658,22834,0
2019-03-11,23349,24405,23856,22581,21067,20380,19879,19380,19257,19234,19577,21512,23265,23578,23800,24100,24357,24552,24674,24799,24719,24850,24754,24632,3
2019-03-12,25203,26083,25280,23906,22585,21234,20775,20742,20754,21187,21738,23797,25686,25671,25235,24670,24129,23716,23591,23534,23379,23505,23569,23563,3
2019-03-13,24042,25211,24538,23150,21797,20743,20434,20004,20001,20338,21083,22693,24402,24436,24337,24241,23995,23645,23575,23585,23836,24055,23715,23677,3
2019-03-14,24144,25236,24765,23347,22013,21022,20163,19682,19546,19856,20093,21993,23667,23683,23856,23967,24471,24641,24752,24939,25040,25112,24767,24664,3
2019-03-15,25102,25909,25219,23657,21931,21111,20308,19725,19270,19255,19938,21255,22731,22976,23278,23647,23891,23941,23922,23895,23718,23490,23211,22865,3
2019-03-16,22969,23781,23371,22500,21259,20543,20162,19792,19880,20179,20503,20908,21844,22947,24118,24658,24517,24029,23412,22929,22858,22626,22527,22336,3
2019-03-17,23034,24523,24600,23970,23167,22769,22457,22219,22164,22249,22447,22912,23829,25048,25623,25080,23813,22884,22129,21784,21404,21218,21402,21857,3
2019-03-18,22365,23915,23784,22915,21629,21191,20896,20973,21295,22224,23692,26729,28947,29166,28176,27024,25932,25063,24741,24221,24260,24079,24146,23767,1
2019-03-21,23769,25269,25119,24021,22663,22241,22486,22520,22646,22918,23508,26028,27951,27663,26990,26254,25272,24492,24029,23978,23731,23983,23547,23375,1
2019-03-22,23825,25359,25159,23955,22469,22180,22223,22189,22311,22601,23690,26219,28248,28323,27585,26584,25519,24500,23756,23224,23164,22945,22824,22673,1
2019-03-23,22349,23474,23185,22569,21735,21554,21122,20779,20932,21009,21565,22670,24197,25326,25159,24130,23140,22252,21580,21640,21551,21564,21706,21593,3
2019-03-24,21492,22395,22106,21262,20504,20099,19641,19324,19300,19465,19829,20688,21711,22937,23245,22503,21641,21182,21045,20972,20988,21457,21680,21922,0
2019-03-25,22160,23254,22865,21525,20213,19330,18578,18207,18148,18487,19355,21318,22981,23249,23422,23623,23657,23624,23636,23690,23939,24093,24117,24200,3
2019-03-26,24378,24985,24205,22706,21374,20395,19655,19206,19045,19397,20488,22286,23711,23976,24040,24111,23939,23819,23777,23504,23354,23283,23254,23440,3
2019-03-27,24047,25099,24628,23252,21881,20841,20582,20412,20546,20968,21971,23970,25772,26010,25624,25130,24503,23911,23464,23198,22905,22932,22971,23142,3
2019-03-28,23536,24739,24544,23324,21782,21492,21256,21193,21438,21851,22985,25856,27698,27627,26564,25568,24532,23782,23337,23363,23412,23478,23537,23435,1
2019-03-29,23311,24504,24095,22807,21408,20893,20350,20093,20258,20705,21289,23527,25262,25417,24891,24297,23741,23385,23538,23564,23523,23298,23183,22860,3
2019-03-30,22704,23287,22835,21855,20379,19600,19015,18460,18044,17745,18017,18647,19354,20336,21218,21478,21611,21618,21704,21894,22041,22332,22480,22411,0
2019-03-31,22215,22960,22559,21470,20188,19060,18602,18112,17682,17462,17540,17724,18102,19310,20694,21547,21877,21952,21937,21753,21602,21544,21933,22255,0
2019-04-01,22971,24324,24165,23182,21964,21339,21280,21408,21624,21982,23152,25698,27954,28441,28030,27153,26272,25202,24336,23653,23446,23325,23411,23243,1
2019-04-02,23769,25166,24957,23821,22532,21535,20887,20512,20547,21017,22040,24003,25920,26253,26122,25675,24864,24258,23783,23424,23303,23306,23338,23444,3
2019-04-03,23351,24632,24415,23371,22044,20991,19630,19878,20193,20832,21981,24269,26158,26238,25024,24018,23120,22358,22219,22300,22134,22525,22725,22436,3
2019-04-04,22365,23230,22914,21671,20145,18837,19307,19131,19087,19609,20772,22562,24273,24574,24164,23871,23654,23495,23417,23447,23292,23151,23283,23461,3
2019-04-05,23889,24544,24013,22650,21160,20475,19706,19216,18923,19124,19953,21118,22404,22820,23178,23494,23587,23552,23508,23520,23438,23396,23460,23334,3
2019-04-06,23118,23617,23337,22319,20995,20017,19041,18720,18367,18279,18542,18875,19419,20016,21121,21824,22130,22379,22445,22651,22792,22911,23172,23103,0
2019-04-07,23032,23556,23190,22127,20743,19807,19138,18646,18208,17968,18067,18391,18419,18975,20211,21065,21737,22571,23361,24056,24554,24960,25260,25442,0
2019-04-08,25332,26007,25461,23795,21775,20429,19328,18812,18703,18879,19838,21254,22714,23204,23751,24408,25045,25360,25731,25828,25774,25737,25744,25818,2
2019-04-09,25825,26378,25758,24068,21981,20688,20018,19460,19157,19278,20095,21503,22758,23054,23540,23995,24500,24891,25345,25649,25782,25909,26122,26019,2
2019-04-11,28698,28366,27277,25028,22529,21073,20037,19328,19014,19091,19629,21471,22409,22869,23505,24399,25414,26309,27117,28031,28777,29253,29171,28822,2
2019-04-12,28133,28399,27714,25804,23527,22067,21016,20346,20229,20012,20880,22722,23570,23620,24237,25160,25916,26630,27449,28027,28229,28193,27872,27139,2
2019-04-13,26373,26486,25811,24284,22706,21290,20235,19698,19276,18991,19158,19252,19835,20769,21771,22812,23589,24323,25009,25746,26454,27035,27400,27242,2
2019-04-14,26526,26717,26067,24783,23235,22122,21253,20559,20099,19746,19670,19966,19947,20771,21778,22722,23317,23821,24178,24615,24986,25236,25296,25014,2
2019-04-15,24406,24541,23774,22206,20334,19154,18656,18226,18088,18383,19278,21141,22926,23421,23516,23553,23432,23298,23241,23190,23156,23394,23565,23669,3
2019-04-16,23740,24422,24146,22629,21009,19716,19450,18967,18816,19177,20401,22277,23877,24015,23709,23569,23465,23397,23563,23980,24359,24901,25470,25500,3
2019-04-17,25358,25696,25237,23329,21569,20420,19496,19031,18762,19012,19969,21716,22665,22913,23151,23524,23838,24292,24818,25508,26234,27051,27347,27263,2
2019-04-18,26852,26959,26301,24451,22504,21189,20101,19425,19151,19354,20074,21668,22705,23077,23777,24484,25198,25887,26657,27292,27876,28085,28175,27580,2
2019-04-19,27108,27240,26299,24639,22623,21216,20634,19980,19578,19567,20159,20959,21829,22403,23063,23658,23783,23793,23602,23475,23096,22796,22771,22363,3
2019-04-20,22134,22700,22590,21714,20548,19746,19173,18860,18622,18603,18766,19208,19955,21272,22411,22933,22934,22564,22143,21774,21497,21485,21662,21720,0
2019-04-21,21921,22614,22823,22010,20904,20137,19558,19369,19125,19210,19411,20123,20654,21734,22022,21489,20866,20485,20321,20171,20166,20384,20755,21111,0
2019-04-22,21215,21858,21919,20741,19140,18078,17893,17614,17632,18125,19187,21181,22825,23218,23303,23338,23527,23799,24184,24837,25427,26146,26712,26819,3
2019-04-23,26436,26482,25661,23627,21286,19800,19068,18522,18319,18421,19382,20942,22108,22925,23089,23515,24141,24928,25944,26862,27622,28291,28511,28252,2
2019-04-25,29042,28653,27750,25513,22978,21332,20506,19737,19214,19300,20087,21610,22855,23417,24042,24373,25040,25589,26009,26347,26380,26498,26531,26170,2
2019-04-26,25950,26179,25467,23745,21743,20604,20004,19400,19044,19166,19928,21615,22087,22636,23244,23878,24264,24482,24831,25171,25476,25779,25872,25441,2
2019-04-27,24570,24174,23784,22426,20825,19954,19049,18355,18023,18001,18299,18600,19345,20279,21008,21331,21496,21778,22138,22776,23449,24238,24774,24713,0
2019-04-28,23923,23581,23177,21929,20385,19236,18602,18013,17627,17522,17596,17982,18092,19034,20093,20943,21646,22701,23691,25045,26306,27320,28075,28128,2
2019-05-05,27266,26986,26186,24686,22931,21754,20658,19953,19415,19063,19069,19322,19711,20782,21701,22805,23567,24521,25385,26263,27212,28030,28572,28396,2
2019-05-12,27686,27373,26825,25313,23641,22301,21374,20371,19838,19631,19617,19840,20328,21422,22423,23267,23480,23711,24029,24202,24595,24997,25357,25614,2
2019-05-14,28434,27552,26867,24738,22238,20867,19805,19063,19022,19167,19878,20951,21966,22563,23065,23653,24205,24872,25427,26154,27045,27726,28102,28020,2
2019-05-15,27358,26632,26142,24237,21916,20673,19965,19488,19314,19313,19844,20780,21943,22538,23144,23803,24528,25175,26087,26979,27749,28457,28728,28731,2
2019-10-12,28363,27467,26085,24588,22861,21850,20874,20112,19714,19422,19537,19905,20453,20684,21668,22607,23639,24648,25540,26137,26456,26665,26423,25755,2
2019-10-13,25665,25244,24159,22772,21433,20084,19385,19060,18644,18464,18787,19085,18999,19403,20382,21286,22124,22978,23780,24260,24546,24622,24698,24584,0
2019-10-14,25142,24696,23657,22148,21009,20109,19792,19309,18997,19082,19933,21117,22551,23049,23836,24445,25313,26114,27005,27735,28054,28042,27860,27344,2
2019-10-15,27874,27300,25990,24216,22778,21556,20589,20322,20280,20385,21266,22641,23867,23884,24356,24918,25395,25650,25975,26168,26217,26218,26353,26402,2
2019-10-16,27010,26670,25581,24053,22722,21652,21067,20784,20619,20786,21553,23329,24430,24289,24865,25445,25955,26146,26442,26560,26618,26616,26289,25792,2
2019-10-17,26206,25787,24631,22845,21357,20217,19789,19306,19079,19222,20231,21642,22508,22785,23022,23046,23015,22859,23039,23219,23202,23221,23184,23203,3
2019-10-18,24190,24187,23352,21970,20775,20105,19719,19357,19233,19425,20268,21445,23096,23213,23452,23474,23317,22983,22923,22688,22480,22449,22288,22347,3
2019-10-19,22915,22784,22206,21297,20208,19495,19312,19097,18803,18849,18980,19194,19625,20266,21352,22067,22560,22758,22737,22713,22794,22847,23015,23049,0
2019-10-20,23464,23316,22640,21630,20493,19730,19397,18828,18458,18285,18365,18767,19368,19686,20295,20886,21258,21768,22274,22756,23290,23815,24188,24207,0
2019-10-21,24823,24745,23660,22152,20460,19578,19171,18750,18569,18853,19669,21322,22432,22706,23265,23898,24589,25241,25813,26154,26341,26460,26443,26516,2
2019-10-22,27383,26963,25729,24365,22593,21639,20835,20599,20307,20354,21315,22937,23959,23810,23993,24128,24538,24971,25212,25451,25525,25431,25157,24642,2
2019-10-23,25201,24939,23834,22407,20637,19934,17427,17166,17081,17414,17116,18617,19645,19577,19173,18944,19595,19598,19762,19620,19053,20153,20496,20804,0
2019-10-24,21611,21436,20514,19294,18634,17937,19808,19523,19256,19626,20657,22855,24177,24285,24056,23933,23658,23481,23421,23503,23482,23512,23468,23738,3
2019-10-25,24800,24659,23746,22302,21258,20247,18681,18063,18129,18207,18917,19915,20890,21274,21422,21161,21451,21638,22514,22782,22678,22997,22742,22874,0
2019-10-26,23277,22985,22284,22566,21630,20011,20739,20199,19945,19932,20157,20693,21554,22142,22844,23458,23996,24313,24434,24518,24525,24548,24406,24425,3
2019-10-27,24768,24566,23910,22957,21753,20605,20091,19604,19133,18778,18721,18990,19615,20117,21087,21428,21747,22237,22804,23267,23651,23938,23998,23788,0
2019-10-28,24378,24060,22965,21586,20272,19153,17728,17288,17212,17498,18342,19778,21317,21193,20826,20971,21153,21477,21561,21759,22224,22675,23029,23290,0
2019-10-29,23927,23518,22426,21111,20308,19077,19780,19483,19407,19602,20327,21994,23503,23573,23734,24108,24240,24273,24304,24338,24322,24323,24313,24839,3
2019-10-30,25856,25580,24620,23158,21933,20683,20014,19793,19541,19747,20392,22181,23751,24145,24546,24939,25325,25473,25539,25442,25500,25690,25943,26356,2
2019-10-31,27124,26841,25922,24542,23018,21927,21277,20716,20495,20622,21454,23129,24665,24939,25246,25701,26203,26351,26112,25613,25137,24760,24430,24204,1
2019-11-01,24699,24881,24712,23865,22910,22191,21881,21638,21753,22158,23341,25936,28143,28604,28328,27551,26449,25307,24400,23651,23388,23128,22849,23213,1
2019-11-02,24529,24808,24559,24129,23341,22881,22704,22554,22592,22940,22887,23753,24981,26028,26304,25486,24494,23392,22531,22236,21816,21708,21820,21915,1
2019-11-03,23333,23512,23259,22766,22094,21702,21712,21710,21643,22180,22449,22981,24061,24885,25264,25227,24387,23367,22389,22154,21883,22021,22277,22980,3
2019-11-04,23741,24227,24247,23785,23127,22565,21612,21103,21095,21399,22144,23412,25886,27033,26771,26176,25465,24844,24319,23973,24078,23893,24015,24513,1
2019-11-05,25813,25814,25232,24142,22692,21208,20510,20186,19855,19867,20151,21360,23040,23822,23951,23812,23747,23749,23818,23859,24201,23828,23739,24122,3
2019-11-06,25278,25285,24664,23598,22213,21014,19947,19901,19753,19875,20354,21614,23515,24407,24320,24088,23922,23767,23824,24001,24065,24070,24090,24296,3
2019-11-07,25382,25316,24621,23606,22204,21089,20357,19838,19456,19380,19647,20608,22302,23248,23424,23593,23767,23929,24087,24272,24220,24140,24143,24791,3
2019-11-08,25623,25504,24940,23875,22428,21073,20419,20028,19642,19477,19808,20780,22668,23815,24166,24412,24412,24244,23841,23693,23457,23391,23641,24604,3
2019-11-09,25651,25754,25537,25070,24436,23582,23260,23391,23368,23501,24036,24307,25178,26361,27122,26841,25896,24665,23583,23261,23156,22873,22446,22789,1
2019-11-10,24187,24551,24810,24568,24032,23365,23291,23655,23598,23419,23583,23838,24829,25837,26353,25483,24091,22937,22439,22307,22255,21701,21712,22088,1
2019-11-11,23698,23920,23774,23202,22302,21707,21099,20908,21380,21683,22031,23181,25483,26749,26733,25994,25156,24595,24079,24025,23951,23565,23660,24362,3
2019-11-16,28559,28351,27972,27381,26456,25396,24851,24740,24666,24542,24663,25436,26270,27227,28142,28021,27286,26179,25449,24793,24067,23365,23268,23720,1
2019-11-17,25022,25117,25097,24841,24460,23744,23132,23124,23079,23136,23454,23794,24254,25087,25935,25741,24584,23400,23077,22955,22675,22397,22120,23087,1
2019-11-18,24535,24699,24578,23835,22728,21976,21286,21006,20931,21140,21893,23298,25646,27337,27247,26476,25762,25000,24374,24020,23661,23447,23695,24850,1
2019-11-19,26512,26774,26518,25762,24849,23540,22754,23046,22962,23110,23461,24444,26925,28432,28231,27294,26192,25337,24673,24484,24026,23708,23863,24721,1
2019-11-20,26200,26660,26520,25867,24949,23778,23120,23387,23350,23634,24347,25350,27580,28937,28482,27261,26074,25211,25109,24771,24348,24145,23998,24790,1
2019-11-21,26101,26439,26246,25706,24593,23999,23515,23230,23226,23446,23794,24908,27304,28717,28154,26931,25792,25072,24854,24517,24257,23575,23466,24446,1
2019-11-22,25599,25662,25490,24695,23418,22527,21573,21404,21205,21318,21702,22704,24450,25649,25617,25320,24777,24336,23784,23501,23524,23262,23223,23839,3
2019-11-23,24392,24048,23557,22739,21776,20645,19970,19173,18913,18992,19132,19272,19868,20222,20906,21928,22524,22796,22708,22566,22234,21953,21967,22583,0
2019-11-24,23420,23348,23202,22719,21977,21162,20434,20402,20405,20408,20766,21320,21724,22664,24049,24655,24206,23423,22620,22062,21649,21543,22004,23192,3
2019-11-26,26492,26780,26679,26315,25390,24617,24401,24787,24800,25093,25446,25752,27479,28779,28737,27569,26498,25365,24572,24169,24043,23828,23658,24141,1
2019-11-27,25311,25321,25089,24430,23291,22585,21372,20617,20098,19985,20096,20749,21669,22581,23230,23824,24220,24275,24607,24382,24184,23767,23441,23698,3
2019-11-28,24524,24192,23711,23343,22349,21172,20395,19977,19687,19575,19885,20029,20753,21697,23103,23806,24064,23692,22998,21849,20992,20739,19837,19943,0
2019-11-29,20430,20409,20374,20414,20136,19610,19049,18830,18895,18834,19176,19316,20147,21004,21607,21856,21709,21330,20910,20558,20309,20427,20473,21057,0
2019-11-30,22012,21886,21641,21214,20548,19730,18881,18710,18598,18916,19042,19536,20140,20760,20830,21177,21246,21090,21004,20832,20813,20695,20649,21164,0
2019-12-01,22062,21914,21767,21240,20443,19394,18410,18464,17926,17606,17486,17632,18108,18689,19150,19980,20623,21018,21194,21265,21061,20811,21096,22045,0
2019-12-02,23675,23962,23688,23142,22092,20952,20482,20709,21079,21402,22017,22986,25811,27757,28096,28031,27788,27335,26915,26755,26882,26858,27410,28845,1
2019-12-06,26598,27177,27390,26948,25849,24972,24446,24462,24261,24289,24351,25144,27286,28616,28252,27586,26927,26137,25535,24975,24982,24755,24911,25505,1
2019-12-07,26326,26036,25677,24986,24019,22908,22450,21795,21414,21245,21396,21963,22573,23089,24104,24413,24214,23677,23103,22538,22184,21870,21929,22864,3
2019-12-08,24102,24034,23951,23613,22933,21939,20868,20743,20792,20677,20753,20705,21187,22077,23253,23798,23662,23062,22709,22274,22204,22377,22492,23782,3
2019-12-09,25235,25314,25071,24257,22970,21431,20697,20567,20407,20355,20751,21841,23584,25211,25240,25349,25380,25393,25616,25526,25264,24663,24771,25730,3
2019-12-10,26915,26880,26368,25331,23791,22494,21547,20776,20325,20101,20277,20995,22442,23872,23893,24214,24554,24788,25227,25469,25293,25289,25726,26882,2
2019-12-15,25905,26087,26247,26080,25385,24536,24086,24037,23810,23819,24014,24460,24577,25400,26256,25987,25092,23998,23262,23029,22622,22478,22686,23693,1
2019-12-16,25237,25486,25421,24695,23535,22450,21695,21328,21041,20781,20943,21775,24095,25593,25465,25153,24815,24384,24184,23933,23880,23805,23940,24925,3
2019-12-17,25991,25888,25225,24297,22878,21470,20680,18715,18414,18148,18489,19300,21041,22417,22816,23214,23891,24301,24369,24549,24810,24941,25676,27192,2
2019-12-21,28384,28533,28368,27938,27050,25975,25065,24251,23707,23520,23697,24152,24592,25744,26663,27386,27520,27134,26557,26026,25984,25803,26063,26690,1
2019-12-22,27411,27242,26972,26417,25557,24407,23703,22907,22481,22310,22739,23164,23340,24388,25675,26692,27338,27261,27187,27187,26897,26733,26814,27622,1
2019-12-23,28279,28322,27906,27149,25923,24486,23551,22645,22072,21861,22220,23287,23922,25278,25957,26350,26454,26218,25629,25216,25347,25102,25113,25373,1
2019-12-24,26118,25915,25476,24768,23763,22391,21541,20965,20412,20404,20493,20481,20921,21816,22651,22991,22980,22436,21928,21494,21230,21155,21128,21484,3
2019-12-25,22227,21988,21649,21305,20747,19983,19488,18846,18957,18827,18856,19503,20244,21279,22385,22514,22129,21603,20979,20633,20555,20167,19994,19831,0
2019-12-26,20997,21164,21274,21192,20778,20100,19694,19374,19288,19726,20461,21408,22485,23969,24751,24691,24209,23586,22908,22733,22340,22441,22261,22663,3
2019-12-27,23867,23916,23673,23054,22081,20945,20453,19935,19854,19571,19599,19773,20848,22015,22676,23242,23492,23348,23043,23114,23217,22942,22600,22761,3
2019-12-28,23588,23412,22886,22277,21308,20190,19222,18748,18642,18468,18430,18729,18894,19333,20048,21041,21673,21792,21682,21300,21188,21016,21067,21775,0
2019-12-29,22719,22553,22159,21500,20656,19555,18561,17941,17795,17597,17949,18059,18065,18071,18535,19595,20361,20765,21019,21157,21139,21109,21195,21906,0
2019-12-30,23014,22927,22531,21807,20890,19725,18512,18486,18420,18212,18315,18719,19517,20627,21535,22295,22679,22821,22677,22446,22294,22074,22021,22746,0
2019-12-31,24483,24791,24747,24437,23678,23066,22529,22090,22163,22315,22647,23436,24955,26650,27506,27352,26794,26100,25158,24606,23985,23468,23573,24216,1
